artist_name,artist_id
Venetian Snares,venetiansnares
Ed Rush,edrush
Optical,optical
Black Sun Empire,blacksunempire
Prolix,prolix
Ricardo Villalobos,ricardovillalobos
Craig Richards,craigrichards
Sonja Moonear,sonjamoonear
Bobby.,bobby
Voigtmann,voigtmann
VØID,void
Vatican Shadow,vaticanshadow
Neon Chambers,neonchambers
Kangding Ray,kangdingray
Sigha,sigha
Rrose,rrose
Faux Naif,fauxnaif
Grooverider,grooverider
Logan D,logand
Majistrate,majistrate
Mampi Swift,mampiswift
Bryan Gee,bryangee
DJ Phantasy,djphantasy
Critical Impact,criticalimpact
Scoundrel,scoundrel
Eksman,eksman
Trigga,trigga
IC3,ic3
Harry Shotta,harryshotta
Funsta,funsta
Eats Everything,eatseverything
La Fleur,lafleur
Alinka,alinka
Syreeta,syreeta-uk
Louisahhh,louisahhh
Wax Wings,waxwings
Lewis G. Burton,lewisg-burton
Cinthie,cinthie
Leo Pol,leopol
Sweely,sweely
Sally C,sallyc
Joe Corti,joecorti
ANOTR,anotr
Bassel Darwish,basseldarwish
Dennis Cruz,denniscruz
Eddy M,eddym
Michael Bibi,michaelbibi
PAWSA,pawsa
Ramin Rezaie,raminrezaie
Reelow,reelow
wAFF,waff
Nicolas Lutz,nicolaslutz
OMAR (UY),omar-uy
Lamache,lamache
Unai Trotti,unaitrotti
Congo Natty,congonatty
Neek,neek
Kenny Ken,kennyken
Ragga Twins,theraggatwins
Commodo,commodo
Cimm,cimm
Deekline,deekline
Serial Killaz,serialkillaz
Benny Page,bennypage
Sherry S,sherrys
Navigator,navigator
Sepia,sepia
Trends,trends
Jammz,jammz
Joseph Capriati,josephcapriati
Hodge,hodge
Randomer,randomer
CCL,ccl
Pan-Pot,pan-pot
David Kochs,davidkochs
Rossko,rossko
Rich NxT,richnxt
Ingi Visions,ingivisions
Laidlaw,laidlaw-uk
Amelie Lens,amelielens
Jay Clarke,jayclarke
Seth Troxler,sethtroxler
Ø [Phase],phase
Cleric,cleric
Tasha,tasha
Skibadee,skibadee
Mollie Collins,molliecollins
Sub Zero,subzero
Uncle Dugs,uncledugs
Jason Kaye,jasonkaye
Martin Larner,martinlarner
Unit 3,unit3
Kevin Saunderson,kevinsaunderson
Leftfield,leftfield
Danny Rampling,dannyrampling
Hamish & Toby,hamishtoby
KRN,krn
Iain Kemz,iainkemz
Mylo Harvey,myloharvey
tINI,tini
Gene On Earth,geneonearth
Oshana,oshana
Nicky Macha,nickymacha
Sidney Charles,sidneycharles
Luuk van Dijk,luukvandijk-nl
Ray Mono,raymono
Tommy Vercetti,tommyvercetti
Jamie Roy,jamieroy
Maribou State,mariboustate
Alexkid,alexkid
Peter Pixzel,peterpixzel
On-Off,on-off
DJ Tennis,djtennis
Krystal Klear,krystalklear
Anna Wall,annawall
Roni Size,ronisize
DJ Rap,djrap
Shimon,shimon
Nicky Blackmarket,nickyblackmarket
Ratpack,ratpack
Billy Daniel Bunter,billydanielbunter
Trix,trix
Philgood,philgood
DJ Listener,djlistener
Junior Buzz,juniorbuzz
Mathame,mathame
The Element,theelement
In Anima,inanima-fr
EarthLife,earthlife
Jeff Mills,jeffmills
Dave Clarke,daveclarke
IMOGEN,imogen
Alan Banks,alanbanks
Mark Landragin,marklandragin
Amy Wiles,amywiles
Roberto Surace,robertosurace
SOSA,sosauk
Laurine,laurine
Cecilio,cecilio
Christian AB,christianbrowne
Quest (IT),questit
Truly Madly,trulymadly
Andy Luff,andyluff
Crissy Criss,crissycriss
Bladerunner,bladerunner-de
Micky Finn,mickyfinn-uk
Aphrodite,aphrodite
Annix,annix
D*Minds,dminds
Giuliano Lomonte,giulianolomonte
Dudley Strangeways,dudleystrangeways
Annie Errez,annieerrez
Luke Black,lukeblack
Enzo Siragusa,enzosiragusa
Luigi Madonna,luigimadonna
Oliver Koletzki,oliverkoletzki
Super Flu,superflu
Aidan Doherty,aidandoherty
Grum,grum
Stereo Underground,stereounderground
Kruder & Dorfmeister,kruder-dorfmeister
Traumer,traumer
Binh,binh
Margaret Dygas,margaretdygas
Hamid,hamid
DJ Bone,djbone
Umwelt,umwelt
Total Science,totalscience
L-Side,l-side
Drumsound & Bassline Smith,drumsoundbasslinesmith
MC GQ,mcgq
LowQui,lowqui
Artificial Intelligence,artificialintelligence
Zero T,zerot
DJ Ron,djron
2SHY,2shy
Decibella,decibella
AJ Christou,ajchristou
Dexter Kane,dexterkane
Apollonia,apollonia
Dan Ghenacia,danghenacia
Dyed Soundorom,dyedsoundorom
Shonky,shonky
Claude VonStroke,claudevonstroke
Cici,cici
Mood II Swing,moodiiswing
Prunk,prunk
Chris Stussy,chrisstussy
DJOKO,djoko
James Dexter,jamesdexter
Jaden Thompson,jadenthompson
SUCASA,sucasa
Nick Curly,nickcurly
Davide Decay,davidedecay
Max.,max.
La Gosse,lagosse
Daisybelle,daisybelle
James O'Connell,jamesoconnell
Rhadoo,rhadoo
Dan Andrei,danandrei
Kozo,kozo
Matteo Manzini,matteomanzini
Mariiin,Mariiin
Lukas Wigflex,lukaswigflex
Alex T,alext
Lee Burridge,leeburridge
Gorje Hewek,gorjehewek
Izhevski,izhevski
Lost Desert,lostdesert
Jacob Husley,jacobhusley
Mathew Jonson,mathewjonson
Sebastian Mullaert,sebastianmullaert
Terry Francis,terryfrancis
Oliver Moon,olivermoon
Claptone,claptone
Waze & Odyssey,wazeodyssey
Wheats,wheats
Lindsey Matthews,lindseymatthews
La Roux,laroux
The Ghost,theghost
Function,function
Volvox,volvox
Voiski,voiski
Alix Perez,alixperez
Etherwood,etherwood
BCee,bcee
Sweetpea,sweetpea
Cleveland,cleveland
LX one,lxone
Fre4knc,fre4knc
Arkaik,arkaik
Philth,philth
Amoss,amoss
Survey,survey
Joe Raygun,joeraygun
Dilemma,dilemma
Leon,leonitaly
Andrea Giudice,andreagiudice
Daniel Orpi,danielorpi
Saoirse,saoirse
DJ Stingray,djstingray
Radioactive Man,radioactiveman
A-Future,afuture
2 Bad Mice,2badmice
Chris Inperspective,chrisinperspective
Seb Zito,sebzito
Matt Jam Lamont,mattjamlamont
James Puentes,jamespuentes
Re-UP,re-up
Riccardo Piazza,riccardopiazza
Prins Thomas,prinsthomas
DJ Sotofett,djsotofett
Stanton Warriors,stantonwarriors
Danny Byrd,dannybyrd
Mark Archer,markarcher
Shadow Child,shadowchild
The Nextmen,thenextmen
Plump DJs,plumpdjs
Freestylers,freestylers
Mafia Kiss,mafiakiss
Aurbs,aurbs
Hostox,hostox
Mälu,malu
Marcelina Wick,marcelinawick
Jay Medvedeva,jaymedvedeva
Olly Vanc,ollyvanc
moxiaolin,moxiaolin
DeWalta,dewalta
Mike Shannon,mikeshannon
John Dimas,johndimas
Digby,digby
Harry McCanna,harrymccanna
Trimer,trimer
Apollo 84,apollo84
DAF,daf
Alecia Hanna,aleciahanna
Laura Harvey,lauraharvey
Forester,forester
Aghnes,aghnes
Ethel,ethel
JoeFarr,joefarr
Hypah,hypah
Fred Asquith,FredAsquith
Kodah,kodah
Niamh,niamh
Deborah De Luca,deborahdeluca
Kolsch,kolsch
Joris Voorn,jorisvoorn
Ryan Elliott,ryanelliott
Pirupa,pirupa
Loran,loran
Bruno Fornaro,brunofornaro
Jan Blomqvist,janblomqvist
Oliver Schories,oliverschories
Sinàl,sinal
Sam Wolf,samwolf-uk
Nicky Sahota,nickysahota
Ricky Sahota,rickysahota
Ben Murphy,benmurphy
Luke Hazell,lukehazell
Elliott Owen,elliottowen
Norris Da Boss Windross,norrisdabosswindross
DJ Cartier,djcartier
Scott Garcia,scottgarcia
Mike Delinquent,mikedelinquent
MC DT,mcdt
Sam Supplier,samsupplier
Shenin Amara,sheninamara
Kirk Paten,kirkpaten
Marcus Nasty,marcus-nasty
Romare,romare
Session Victim,sessionvictim
TSHA,tsha
Sasha,sasha
Charlotte de Witte,charlottedewitte
999999999,999999999
Amotik,amotik
Anastasia Kristensen,anastasiakristensen
Matrixxman,matrixxman
ONYVAA,onyvaa-fr
Mala,mala
Egoless,egoless
Dubkasm,dubkasm
Compa,compa
Samba,samba
Mungo's Hi Fi,mungoshifi
Iration Steppas,irationsteppas
Eva Lazarus,evalazarus
Mihai Popoviciu,mihaipopoviciu
Toman,toman
RPR Soundsystem,rprsoundsystem
Petre Inspirescu,petreinspirescu
Raresh,raresh
Maayan Nidam,maayannidam
Cosmin TRG,cosmintrg
Todd Edwards,toddedwards
Riva Starr,rivastarr
Ellie Cocks,elliecocks
Max Dean,maxdean-uk
Rapha (1),rapha-1
Mario D'Ambrosio,mariodambrosio-uk
Setaoc Mass,setaocmass
Airod,airod
Perc,perc
SpectraSoul,spectrasoul
Breakage,breakage
Technimatic,technimatic-uk
Icicle,icicle
Ed:it,edit-de
GLXY,glxy
Visionobi,visionobi
Phace,phace
Misanthrop,misanthrop
Halogenix,halogenix
DJ Patife,djpatife
KOKOKO!,kokoko
Jamie Jones,jamiejones
Francesco Del Garda,francescodelgarda
Youngman,youngman
Doctor P,doctorp
Dodge & Fuski,dodgefuski
Maceo Plex,maceoplex
Dino Lenny,dinolenny
Boris Werner,boriswerner
Mount Kimbie,mountkimbie
Paranoid London,paranoidlondon
nd_baumecker,nd_baumecker
DEBONAIR,debonair-uk
Carl Anians,carlanians
Miller,miller
Nicolau,nicolau
Ben UFO,benufo
Pangaea,pangaea
Pearson Sound,pearsonsound
rRoxymore,roxymore
Shelley Parker,shelleyparker
Little Hado,littlehado
Dean Marc,deanmarc
Evonii,evonii
Ei8ht,ei8ht
Truncate,truncate
Andres Campo,andrescampo
Rene LaVice,renelavice
Brookes Brothers,brookesbrothers
Jubei,jubei
DJ Die,djdie
Concord Dawn,concorddawn
Klute,klute
dogger,dogger
Mindstate,mindstate
SP:MC,spmc
Mantmast,mantmast
Bicep,bicep
Cromby,cromby
Cormac,cormac
Josh Caffe,joshcaffe
Jaye Ward,jayeward
Call Super,callsuper
Objekt,objekt
VTSS,vtss
Eli Brown,elibrown
Francisco Allendes,franciscoallendes
Matthias Tanzmann,matthiastanzmann
Secondcity,secondcity
The Martinez Brothers,themartinezbros
Lauren Lo Sung,laurenlosung
Rødhåd,rodhad
Adiel,adiel
British Murder Boys,britishmurderboys
Surgeon,surgeon
Regis,regis
Samuel Kerridge,samuelkerridge
Marcel Dettmann,marceldettmann
François X,francoisx
Rusko,rusko
DJ Hype,djhype
DJ Hazard,djhazard
J Majik,jmajik
Mantra,mantra
Foreign Beggars,foreignbeggars
Inja,inja
Carasel,carasel
Ill Truth,illtruth
Combine,combine
Mehlor,mehlor
Haïch,haich-uk
Ben Klock,benklock
Paula Temple,paulatemple
Tommy Four Seven,tommyfourseven
Kölsch,kolsch
Agoria,agoria
Manoo,manoo
Dave Anthony,daveanthony
DJEFF,djeff
Midland,midland
Oli Silva,olisilva
KiNK,kink
Slam,slam
Laurent Garnier,laurentgarnier
James Lavelle,jameslavelle
Krust,krust
UNKLE,unkle
Will Bankhead,willbankhead
Timoti,timoti
Nathan Coles,nathancoles
Eddie Richards,eddierichards
Layo & Bushwacka!,layoandbushwacka
Ollie Drummond,olliedrummond
Original Sin,originalsin
Mob Tactics,mobtactics
Taxman,taxman
North Base,northbase
Pete Tong,petetong
Themba,themba
Illyus & Barrientos,illyusbarrientos
DJelley,djelley-uk
Arno aka Einzelkind,einzelkind
Junki Inoue,junkiinoue
Futurebound,futurebound
Rhymestar,rhymestar
Miss Trouble,misstrouble
Fatman D,fatmand
Lee Rands,leerands
Louis Jay,louisjay
Guy Gerber,guygerber
Bill Patrick,billpatrick
Thoma Bulwer,thomabulwer
Franky Rizardo,frankyrizardo
Black Loops,blackloops
Rossi,rossi
Four Tet,fourtet
Willow,willow
Barac,barac
Blawan,blawan
Pariah,pariah
Appleblim,appleblim
Bruce,bruce
Danielle,danielle
Special Request,specialrequest
Source Direct,sourcedirect
Adam F,adamf
SHERELLE,sherelle
Addison Groove,addisongroove
Jossy Mitsu,jossymitsu
FAUZIA,fauzia
Impey,impey
Oneman,oneman
L U C Y,lucy-uk
SGT Pokes,sgtpokes
El-B,el-b
Horsepower Productions,horsepowerproductions
Manga Saint Hilare,mangasainthilare
Sicaria Sound,sicariasound
Friction,friction
Distinkt,distinkt
Bushbaby,bushbaby
Dillinja,dillinja
DJ Storm,djstorm
Kyrist,kyrist
Fixate,fixate
Barely Legal,barelylegal
Daddy Nature,daddynature
DJ Ardi,djardi
Real Roots,realroots-2
Maya Jane Coles,mayajanecoles
Kim Ann Foxman,kimannfoxman
Hannah Holland,hannahholland
Maze & Masters,mazemasters
Lottie,lottie
Marbles,marbles
Xoey 5.0,xoey50
Ray Keith,raykeith
Benny L,bennyl
Nvrsoft,nvrsoft
Jack Dee,jackdee
DJ Majesty,djmajesty
Rob Burden,robburden
Jai Baisden,jaibaisden
Paulo Moreno,paulomoreno
Iwizz,iwizz
Art e Fect,artefect
Braindead,braindead
illi,illi
Separated Brothers,separatedbrothers
Erol Alkan,erolalkan
Baba Stiltz,babastiltz
Eclair Fifi,eclairfifi
Grainger,grainger
Spacetravel,spacetravel
Raphael Carrau,raphael-uk
Manfred Spagnoli,manfredspagnoli
Christian Löffler,christianloffler
Janus Rasmussen,janusrasmussen
Kiasmos,kiasmos
Ruede Hagelstein,ruedehagelstein
Aparde,aparde
D'Julz,djulz
Elvin Zedo,elvinzedo
Steve Lawler,stevelawler
Orbital,orbital
Roman Flugel,romanflugel
Wax On Mare St.,waxonmarest
Karizma,karizma
Laurence Guy,laurenceguy
Harrison BDP,harrisonbdp
Adryiano,adryiano
Michael James,michaeljames
Diego Krause,diegokrause
Sakro,sakro
Maik Yells,maikyells
SY (DE),sy-de
Steffi,steffi
General Ludd,generalludd
JAY,jay-uk
Sybil,sybil
DJ Randall,djrandall
Chimpo,chimpo
Madcap,madcap
Neverdogs,neverdogs
Tessellate,tessellate
Project Pablo,projectpablo
Hammer,hammer
DJ Haus,djhaus
Eliza Rose,elizarose
Larry Cadge,larrycadge
Ray Okpara,rayokpara
Alan Fitzpatrick,alanfitzpatrick
Ronnie Spiteri,ronniespiteri
Alisha,alisha
Del-30,del-30
Friend Within,friendwithin
Meduza,meduza
Floating Points,floatingpoints
Route 94,route94
Ben Sterling,bensterling
Dana Ruh,danaruh
Igor Vicente,igorvicente
Nastia,nastia
Daria Kolosova,dariakolosova
Kosheen,kosheen
Scratch Perverts,scratchperverts
FreQ Nasty,freqnasty
Evil Nine,evilnine
Meat Katie,meatkatie
Djebali,djebali
Julenn,julenn
Swoop,swoop
Gui Boratto,guiboratto
Andhim,andhim
Jonas Rathsman,jonasrathsman
Konstantin Sibold,konstantinsibold
Ignacio Morales,ignaciomorales
Paco Osuna,pacoosuna
Spektre,spektre
Nymfo,nymfo
DLR,dlr
Ulterior Motive,ulteriormotive
Kid Drama,kiddrama
Hybris,hybris
Gusto,gusto
Paragon,paragon
Adam Beyer,adambeyer
Dax J,daxj
Hunee,hunee
Daphni,daphni
Job Jobse,jobjobse
Batu,batu-uk
re:ni,reni
Nacho Bolognani,nachobolognani
Alejo Galvez,alejogalvez
Kolo & Dyze,kolodyze
Tarek Charbonnier,tarekcharbonnier
Sofiane,sofiane
Ludo M,ludom
François K,francoisk
Boo Williams,boowilliams
Glenn Underground,glennunderground
Jonathan Kaspar,jonathankaspar
Rodriguez Jr.,rodriguezjr
John Monkman,johnmonkman
Mikee B,mikeeb
Grant Nelson,grantnelson
Majestic,majestic
Hermit,hermit
Daniel Ward,danielward
Jumping Jack Frost,jumpingjackfrost
Charlotte Devaney,charlottedevaney
Dennis Ferrer,dennisferrer
Magda,magda
DJ Deeon,djdeeon
Emanuel Satie,emanuelsatie
ABSOLUTE.,absolute
Jay Jay Revlon,jayjayrevlon
Culture Shock,cultureshock
Metrik,metrik
1991,1991
The Upbeats,theupbeats
Majora,majora
Negativ,negativ
Killa P,killap
Fabe,fabe
Lee Burton,leeburton
Haydn,haydn
Herck,herck
Jane Fitz,janefitz
Virgil Abloh,virgilabloh
Benji B,benjib
Jay Daniel,jaydaniel
Skinny Macho,skinnymacho
Phil Weeks,philweeks
Casey Spillman,caseyspillman
Andre Buljat,andrebuljat
London Elektricity,londonelektricity
Chris Liebing,chrisliebing
dBridge,dbridge
Doc Scott,docscott
LSB,lsb
Ant TC1,antdc1
Villem,villem
Markee Ledge,markeeledge
Luciano,luciano
Bas Ibellini,ibellini
Adriatique,adriatique
Yacine Dessouki,yacinedessouki
Hot Since 82,hotsince82
President T,presidentt
Footsie,footsie
Flowdan,flowdan
Scrufizzer,scrufizzer
Flirta D,flirtad
Sharky,sharky
Capo Lee,capolee
Sir Spyro,sirspyro
Logan Sama,logansama
Kloser,kloser
Supa D,supad
MA1,ma1
Tippa,tippa
Fur Coat,furcoat
Gianni Callipari,giannicallipari
Roi Perez,roiperez
Wayne Holland,wayneholland
Cristoph,cristoph
Jody Wisternoff,jodywisternoff
Moon Boots,moonboots
Made By Pete,madebypete
Roxanne Roll,roxanneroll
Mister Sushi,mistersushi
Bedouin,bedouin
Adam Port,adamport
Rebekah,rebekah
Ansome,ansome
Skankandbass,skankandbass
John Digweed,digweed
Joey Daniel,joeydaniel
Miguel Bastida,miguelbastida
DJ Skizzo,djskizzo
Gianfranco Troccoli,gianfrancotroccoli
Lio Mass,liomass
Problem Central,problemcentral
BassLayerz,basslayerz
DBR UK,dbruk
Archie Hamilton,archiehamilton
Sam Paganini,sampaganini
Lewis Fautzi,lewisfautzi
Josh Gregg,joshgregg
Javier Carballo,javiercarballo
Alejandro Fernandez,alejandrofernandez
LSG,lsg
Exhale,exhale
Marcel Fengler,marcelfengler
Milo Spykers,milospykers
Funky Flirt,funkyflirt
Tale Of Us,taleofus
DVS1,dvs1
Anetha,anetha
Shifted,shifted
Z.I.P.P.O,z.i.p.p.o
Joker,joker
Subtle Mind,subtlemind
Malandra JR,malandrajr
Violet (PT),violet-pt
DJ Sonikku,djsonikku
Monoloc,monoloc
SHDW,shdw
Obscure Shape,obscureshape
747,747
Terence Fixmer,terencefixmer
Daniel Miller,danielmiller
Yotto,yotto
Adana Twins,adanatwins
Kidnap,kidnap
Monkey Safari,monkeysafari
Finnebassen,finnebassen
Markantonio,markantonio
Leon Vynehall,leonvynehall
Ploy,ploy
Kelly Lee Owens,kellyleeowens
Danny T & Tradesman,dannyttradesman
Last Japan,lastjapan
Akito,akito
Kamixlo,kamixlo
Woesum,woesum
Silk Road Assassins,silkroadassassins
Jook,jook
Jawside,jawside-de
ALFY,alfy
Fabrizio Maurizi,fabriziomaurizi
Peggy Gou,peggygou
Legowelt,legowelt
Levon Vincent,levonvincent
Mason Collective,masoncollective
Nathan Barato,nathanbarato
Kevin Knapp,kevinknapp
Bonobo,bonobo
Throwing Snow,throwingsnow
Stellar OM Source,stellaromsource
Caspa,caspa
Coki,coki
Six Sunsets,sixsunsets
Bassman,bassman
Taiko,taiko
Opus,opus
Riz La Teef,rizlateef
Drumterror,drumterror
Silkie,silkie
Jeremy Underground,jeremyunderground
Dan Shake,danshake
Otzeki,otzeki
Desert Sound Colony,desertsoundcolony
Voyeur,voyeur
Jacques Adda,jacquesadda
Francesca Mackay,francescamackay
Pool Tax,pooltax
Edward,edward
Livity Sound,livitysound
Kowton,kowton
Peverelist,peverelist
Groove Armada,groovearmada
Josh Butler,joshbutler
Huxley,huxley
Anthony Parasole,anthonyparasole
Blasha & Allatt,blashaallatt
Shed,shed
Headless Horseman,headlesshorseman
Sunil Sharpe,sunilsharpe
Serum,serum
Think Tonk,thinktonk
Mike Drop,mikedrop
Lumieux,lumieux
A-Bril,a-bril
Blotter Trax,blottertrax
Black Asteroid,blackasteroid
Answer Code Request,answercoderequest
Cuartero,cuartero
De La Swing,delaswing
Nasser Baker,nasserbaker
Pat Wilson,patwilson
AD:mE,adme
QM UMS,qmums
DJ Owdaug,djowdaug
PHCK,phck-de
Kirsti,kirsti
LTJ Bukem,ltjbukem
Urbandawn,urbandawn
arpxp,arpxp
Degs,degs
Double O,doubleo
Djinn,djinn
DJ Masda,djmasda
Sean Galvin,seangalvin
Tommy Martin,tommymartin
Anja Schneider,anjaschneider
Pleasurekraft,pleasurekraft
OC & Verde,ocverde
Pig&Dan,pigndan
LENKA TOMA,lenkatoma
Aldanya,aldanya
Nepo,nepo
Nord3c,nord3c
Fideles,fideles
Ameliée,ameliee-it
Sara Siu,sarasiu
Cassy,cassy
Robert James,robertjames
Frenchy,frenchy
George Smeddles,georgesmeddles
GW Harrison,gwharrison
Will Taylor,willtaylor
Vectorvision,vectorvision-us
Patrick Topping,patricktopping
Acid Mondays,acidmondays
Alex Virgo,alexvirgo
Daniel Avery,danielavery
Mind Against,mindagainst
Eagles & Butterflies,eaglesbutterflies
Henning Baer,henningbaer
Farrago,farrago
Sy Sez,sysez
Booker T,bookert
Mark Radford,markradford
Sef Kombo,sefkombo
Lipton,lipton
MC Creed,mccreed
Jon Hopkins,jonhopkins
Nathan Fake,nathanfake
HAAi,haai
DJ Nobu,djnobu
Marco Shuttle,marcoshuttle
The 2 Bears,the2bears
Terry Vietheer,terryvietheer
Mike Dehnert,mikedehnert
Om Unit,omunit
Fearful,fearful
Marcelo Tag,marcelotag
Luca Rosa,lucarosa
Andrea Dave,andreadave
Zucchi,zucchi
Dasha Rush,dasharush
AnD,and
ATTENTION DEFICIT DISORDER,attentiondeficitdisorder
Byron The Aquarius,byrontheaquarius
Jamie 3:26,jamie326
Danny Langan,dannylangan
MC Conrad,mcconrad
Christian Smith,christiansmith
Broken English Club,brokenenglishclub
I Hate Models,ihatemodels
Green Velvet,greenvelvet
Melé,mele
Doorly,doorly
Griff,griff
Charlie Rope,charlierope
Low Steppa,lowsteppa-uk
Kinnerman,kinnerman
Cristian Viviano,cristianviviano
Eder Alvarez,ederalvarez
Louis Costa,louiscosta-uk
Kollektiv Turmstrasse,kollektivturmstrasse
Lehar,lehar
Fossil Archive,fossilarchive
STERAC,sterac
Roman Lindau,romanlindau
Roberto,robertouk
Bad Company UK,badcompany
The Prototypes,theprototypes
Malux,malux
Glitch City,glitchcity
Hybrid Theory,hybridtheory
Max Vaahs,maxvaahs
Jack Ling,jackling
Jayar,jayar
Luke Slater,lukeslater
Veronica Vasicka,veronicavasicka
Arapu,arapu
Kirilik,kirilik
Jeroen Search,jeroensearch
Benga,benga
Benton,benton
The Menendez Brothers,themenendezbrothers
Just William,justwilliam
Hecha,hecha
OK Williams,okwilliams
Novelist,novelist
Jamakabi,jamakabi
Grandmixxer,grandmixxer
Sukh Knight,sukhknight-uk
Carly Wilford,carlywilford
J Distant,jdistant
Hazel Marimba,hazelmarimba
Oxia,oxia
Ben Sims,bensims
Kirk Degiorgio,kirkdegiorgio
Cadans,cadans
Alienata,alienata
Housekeeping,housekeeping-uk
Manu Gonzalez,manugonzalez
Eli & Fur,elifur
Yaya,yaya
Dennis Christopher,dennischristopher
Crazy P,crazypenis
RAW SILK,rawsilk
Mr. Scruff,mrscruff
Ge-ology,ge-ology
Waajeed,waajeed
Krywald & Farrer,krywaldfarrer-uk
Moritz von Oswald,moritzvonoswald
Efdemin,efdemin
Tape Fear,tapefear
Jenny Cheng,jennycheng
MC Skibadee,mcskibadee
DJ Gemini,djgemini
SOPHIE,sophie
Dub Phizix,dubphizix
Kove,kove
Headhunter,headhunter
Pinch,pinch
Mystic State,mysticstate
Hainesy,hainesy
Wade,wade-es
Prosumer,prosumer
Mike Servito,mikeservito
Gideön,gideon-uk
Maurice Fulton,mauricefulton
Jazzie B Obe,jazziebobe
Dego,dego
Red Greg,redgreg
HOSH,hosh
Wehbba,wehbba
Scott Kemp,scottkemp
Kobosil,kobosil
Monki,monki
Louie Vega,louievega
Marquis Hawkes,marquishawkes
ALBUQUERQUE,ricardoalbuquerque
Carl Craig,carlcraig
Bambounou,bambounou
Jasper James,jasperjames
Donna Leake,donnaleake
Priku,priku
Nero,nero
Squarewave,squarewave
Fourward,fourward
Scar Duggy,scarduggy
Ancient Methods,ancientmethods
Derrick Carter,derrickcarter
Tom Trago,tomtrago
Folamour,folamour
Jess Bays,jessbays
Just Jacob,justjacob
Kerry Wallace,kerrywallace
GABBY,gabby
Jake Hough,jakehough
Stephane Ghenacia,stephaneghenacia
Coops,coops
Onoe Caponoe,onoecaponoe
Phatworld,phatworld
Killjoy,killjoy
Leda Stray,ledastray
APP,app
Mestivan,mestivan
Mauro Ferno,mauroferno
Maybe Laura,maybelaura
Osunlade,osunlade
Culoe De Song,culoedesong
Joey Anderson,joeyanderson
Atjazz,atjazz
Yousef,yousef
Matador,matador
Mr. Jones,mrjones
Frankee,frankee
Lazare Hoche,lazarehoche
Leroy Roberts,leroyroberts
Adam Shelton,adamshelton
Subb-an,subb-an
Ceri,ceri
Drumcell,drumcell
CASisDEAD,casisdead
Jus Now,jusnow
Gully,gully
Need For Mirrors,needformirrors
Davide Squillace,davidesquillace
Max Chapman,maxchapman
Leftwing & Kody,kodyleftwing
Georgie Marshall,georgiemarshall
Georgia Girl,georgiagirl
Ryan Crosson,ryancrosson
Nicole Moudaber,nicolemoudaber
Totally Enormous Extinct Dinosaurs,totallyenormousextinctdinosaurs
Heidi,heidi
Hugo Massien,hugomassien
Andrew Hill,andrewhill
Swoose,swoose
Monika Ross,monikaross
Sami Dilla,samidilla
Mr. G,mr.g
Phase Fatale,phasefatale
Santé,sante
Andrew Kay,andrewkay-uk
The Mole,themole
Asquith,asquith
Elliot Adamson,elliotadamson
Big Miz,bigmiz
Brame & Hamo,bramehamo
Jmcee,jmcee
Lucca Tan,luccatan
Patrice Bäumel,patricebaumel
Badin Brothers,badinbrothers
Marcello Miele,marcellomiele
William Noble,williamnoble
Tim Andresen,timandresen
Voicedrone,voicedrone
Schatrax,schatrax
D Double E,ddoublee
Commix,commix
Stamina MC,staminamc
Carlos Ryan,carlosryan-uk
Matt Tolfrey,matttolfrey
Nyra,nyra
Bobby Pleasure,bobbypleasure
Adam Curtain,adamcurtain
Pepperpot,pepperpot
Ninetoes,ninetoes
Luna City Express,lunacityexpress
Carly Foxx,carlyfoxx-uk
Stonez,stonez
Dub Healy,dubhealy
Liam Waller,liamwaller
Kevin de Vries,kevindevries
Kaiju,kaiju
Lenzman,lenzman
100hz,100hz
Pierre Codarin,pierrecodarin
Rülen,rulen-fr
Mohia,mohia
Modeselektor,modeselektor
Lory D,loryd
Skee Mask,skeemask
Solid Blake,solidblake
Amine Edge & DANCE,amineedgedance
Mat.Joe,mat.joe
Billy Kenny,billykenny
Weiss,weiss
Maximono,maximono
Frazer Campbell,frazercampbell
Âme,ame
Trikk,trikk
Len Faki,lenfaki
Dense & Pika,densepika
Guv,guv
Voltage,voltage
Vlad Arapasu,vladarapasu
Lamine,lamine
Steve Bug,stevebug
Josh Wink,joshwink
Deetron,deetron
Stray Beast,straybeast
SG Lewis,sglewis
Jacky (UK),jacky-uk
Funster,funster
Wookie,wookiedj
Wayward,wayward
Ellen Allien,ellenallien
Bjarki,bjarki
Tijana T,tijanat
Blackhall & Bookless,blackhallbookless
Potential Badboy,potentialbadboy
Remarc,remarc
The Ragga Twins,theraggatwins
Hatcha,hatcha
DJ Zinc,djzinc
Cause & Affect,causeaffect
Blazey Bodynod,blazeybodynod
Rick Maia,rickmaia
Frank Storm,frankstorm
Vera,vera
Amir Javasoul,amirjavasoul
Powell,powell
London Modular,londonmodular
Art Department,artdepartment
Martin Buttrich,martinbuttrich
Guti,guti
Clive Henry,clivehenry
Nitin,nitin
Francesco Poggi,francescopoggi
Paul Johnson,pauljohnson
Dimension,dimension
TC,tc
Turno,turno
1991 (UK),1991uk
Keeno,keeno
Whiney,whiney
Unglued,unglued
Lakeway,lakeway
Ruthless,ruthless
Tempza,tempza
Calyx,calyx
Teebee,teebee
Tristan da Cunha,tristandacunha
Silent Servant,silentservant
The Hacker,thehacker
Sven Väth,svenvath
Tim Green,tg
Martyné,martyne
André Galluzzi,andregalluzzi
Giuseppe Cennamo,giuseppecennamo
Elvio Iannitti,elvioiannitti
Reset Robot,resetrobot
Camo & Krooked,camokrooked
Mefjus,mefjus
Circuits,circuits
Xtrah,xtrah
Daxta,daxta
AD (UK),ad-uk
Varhat,varhat-fr
Janeret,janeret
Bruno Curtis,brunocurtis
Palms Trax,palmstrax
Suzanne Kraft,suzannekraft
Hyenah,hyenah
JazzCool,jazzcool
Marco Faraone,marcofaraone
Edu Imbernon,eduimbernon
Bontan,bontan
Cosmjn,cosmjn
Redlight,redlight
Toddla T,toddlat
Steel Banglez,steelbanglez
Cardinal Sound,cardinalsound
Sly One,slyone
Kasra,kasra
Sustance,sustance
Georgio Oniani,georgiooniani
Premiesku,premiesku
Sammy Dee,sammydee
Shaf Huse,shafhuse
Franz Costa,franzcosta
Mall Grab,mallgrab
JP Enfant,jeanpierreenfant
FJAAK,fjaak
Thomas Hessler,thomashessler
S.P.Y,s.p.y
Logistics,logistics
Nu:Tone,nutone
Krakota,krakota
Dynamite MC,dynamitemc
Fracture,fracture
Lewis James,lewisjames
Sully,sully
Distance,distance
DJ Vibes,djvibes
Kimyan Law,kimyanlaw
Chelina Manuhutu,chelinamanuhutu
Gabriel Ananda,gabrielananda
Guy J,guyj
Julian Jeweil,julianjeweil
Marc Romboy,marcromboy
Dixon,dixon
Second Storey,secondstorey
Ugandan Methods,ugandanmethods
Alex Arnout,alexarnout
Ryan O Gorman,ryanogorman
Ion Ludwig,ionludwig
Holy Goof,holygoof
Mike Skinner,mikeskinner
Conducta,conducta
Fineart,fineart
Tom Shorterz,tomshorterz
Villem & McLeod,villemmcleod
Mutated Forms,mutatedforms
Andre King,andreking
Sputnick,sputnick
Chrissy Hope,chrissyhope
Helena Hauff,helenahauff
Umfang,umfang
Michael Mayer,michaelmayer
Theo Kottis,theokottis
Dixon Avenue Basement Jams,dixonavenuebasementjams
Jichael Mackson,jichaelmackson
Andras Toth,andrastoth
Evil B vs B Live,evilbvsblive
Consouls,consouls
Jakes,jakes
Andy Butler,andrewbutler
Jonas Kopp,jonaskopp
Fabio,fabio
TS2W,ts2w
MC Texas,mctexas
Sam Binga,sambinga
Rider Shafique,ridershafique
Cesare vs Disorder,cesarevsdisorder
Gabriel Amaru,gabrielamaru
Zenker Brothers,zenkerbrothers
CamelPhat,camelphat
Detlef,detlef
East End Dubs,eastenddubs
Ross McCormack,rossmccormack
Bodyjack,bodyjack
Endian,endian
Lo Shea,loshea
Oli Furness,olifurness
CJ Jeff,cjjeff
Rancido,rancido
DJ Marky,djmarky
Kings of the Rollers,kingsoftherollers
Future Cut,futurecut
GQ,gq
P Money,pmoney
Royal-T,royal-t
Slimzee,slimzee
Grima & Azza,grimaazza
Star.One,star.one-uk
Filthy Gears,filthygears
Kade,kade
Amorf,amorf
Cristi Cons,cristicons
Vlad Caia,vladcaia
Mischa Blanos,mischablanos
Tony Humphries,tonyhumphries
DJ Spen,djspen
Paul Woolford,paulwoolford
Andrea Oliva,andreaoliva
Darius Syrossian,dariussyrossian
Pirate Copy,piratecopy
Pete Zorba,petezorba
Latmun,Latmun
Calvin Clarke,calvinclarke
Miffy & Miller,miffymiller
Samuel Deep,samueldeep
Julian Alexander,julianalexander
Gabriel Torres,gabrieltorres
Boddika,boddika
Redshape,redshape
DJ Q,djq
Murlo,murlo
Champion,champion
Elijah & Skilliam,elijahandskilliam
Mina,mina
Bru C,bruc
Serious,serious
Heist,heist
Jack Francis,jackfrancis
Jay Forster,jayforster
Markus Sommer,markussommer
DMX Krew,dmxkrew
Everything In Between,everythinginbetween
Skream,skream
&ME,me
Greg Venezia,gregvenezia
Kincaid,kincaid
Berny,berny
TopCat,topcat
Aries,aries
Jacky Murda,jackymurda
Demolition Man,demolitionman
Phaction,phaction
Dragos Ungureanu,dragosungureanu
DJ Deep,djdeep
Citizenn,citizenn
Mihigh,mihigh
Pied Piper,piedpiper
MC Kie,mckie
MC PSG,mcpsg
Flavio Folco,flaviofolco
Alex Under,alexunder
Anthony Linell,anthonylinell
Abdulla Rashim,abdullarashim
Butch,butch
Timo Maas,timomaas
Dorian Paic,dorianpaic
JK Flesh,jkflesh
Becka Diamond,beckadiamond
Body & Soul,bodyandsoul
Danny Krivit,dannykrivit
Joe Claussell,joeclaussell
Alex Cliché,alexcliche
Anthony Rother,anthonyrother
Oscar Mulero,oscarmulero
ANNA,djanna
PBR Streetgang,pbrstreetgang
Man Power,manpower
Amy Alford,amyalford
Kode9,kode9
Ikonika,ikonika
Konx-om-Pax,konx-om-pax
Dan Farserelli,danfarserelli
Rhymos,rhymos
Planetary Assault Systems,planetaryassaultsystems
Julia Govor,juliagovor
Ivy Lab,ivylab
Enei,enei
Foreign Concept,foreignconcept
Hyroglifics,hyroglifics
Sinjin Hawke,sinjinhawke
Anz,anz
Zip,zip
Magic Mountain High,magicmountainhigh
Fumiya Tanaka,fumiyatanaka
Andrew James Gustav,andrewjamesgustav
Henry Saiz,henrysaiz
Ejeca,ejeca
Joel Mull,joelmull
Gerd Janson,gerdjanson
Matthew Styles,matthewstyles
Henrik Schwarz,henrikschwarz
Radio Slave,radioslave
Hybrid Minds,hybridminds
Thierry,thierry
Solardo,solardo
Denney,denney
Ksenia Kamikaza,kseniakamikaza
Roman Flügel,romanflugel
Thomas Melchior,thomasmelchior
Ghost Culture,ghostculture
Pendulum,pendulum
Skeptical,skeptical
Vromm,vromm
Normski,normski
Sandrien,sandrien
Richy Ahmed,richyahmed
Jansons,jansons-uk
Hector,hector
Chad Andrew,chadandrew
David Gtronic,davidgtronic
Randall M,randallm
Booka Shade,bookashade
Klose One,kloseone
Doc Daneeka,docdaneeka
Chaz Beazli,chazbeazli
Treatment,treatment
Onur Özer,onurozer
Colin Chiddle,colinchiddle
Purple Velvet,purplevelvet
Tash LC,tash-lc
Big Narstie,bignarstie
Ricky C,rickyc
Dusky,dusky
Bwana,bwana
Tama Sumo,tamasumo
Karenn,karenn
Ben Rau,benrau
Marcus Worgull,marcusworgull
Steffen Deux,steffendeux
Maksy,maksy
Antony Difrancesco,antonydifrancesco
Anthony Campbell,anthonycampbell
Patrice Baumel,patricebaumel
Julie Marghilano,juliemarghilano
Mano Le Tough,manoletough
Hunter/Game,huntergame
Phil Kieran,philkieran
Dubfire,dubfire
Massai,massai
Josh Rawl,joshrawl
Jesse Rose,jesserose
Lucy,lucy
Billy Turner,billyturner
Nadia Rose,nadiarose
MJ Cole,mjcole
Darkzy,darkzy
Cyantific,cyantific
Varon V,varonv
O/V/R,ovr
James Ruskin,jamesruskin
James Zabiela,jameszabiela
Dark Sky,darksky
Onofrio Brescia,on-off
Tarawar,tarawar
Interstellar Funk,interstellarfunk
Zed Bias,zedbias
Mr Virgo,mrvirgo
USSY,ussy
Kult Q,kultq
Nori,nori
Red Axes,redaxes
Lady Starlight,ladystarlight
Alexis Raphael,alexisraphael
Malin Genie,malingenie
Amber Shells,ambershells
Loxy,loxy
Manu Lito,manulito
Catz N Dogz,catzndogz
Mark Ernestus,markernestus
Ross From Friends,rossfromfriends-uk
Matt Weir,mattweir
William Djoko,williamkouamdjoko
Thugfucker,thugfucker
Flava D,flavad
Dirtyphonics,dirtyphonics
DJ W!ld,djwild
Romans,romans
Tin Man,tinman
Gunnar Haslam,gunnarhaslam
General Levy,generallevy
Ittetsu,ittetsu
Roska,roska
Pioneer,pioneer
Murder He Wrote,murderhewrote
Distro,distro
DJ Polo,djpolo
Serocee,serocee
Ricardo Albuquerque,ricardoalbuquerque
E.Wan,ewan-uk
Point G,pointg
Jnr Windross,jnrwindross
Jullian Gomes,julliangomes
Dennis Christensen,dennischristensen
Joy Orbison,joyorbison
Fold,fold
Delta Heavy,deltaheavy
Preditah,preditah
Bassboy,bassboy
S.A.M.,samuelandremadsen
Head High,headhigh
Virginia,virginia
Dexter,dexter
Icarus,icarus
Actress,actress
Lil Silva,lilsilva
Nan Kolè,nankole
Mafia Boyz,mafiaboyz
Josey Rebelle,joseyrebelle
SIT Amphia,sitamphia
Psyk,psyk
DJ SLY,djsly-it
Sepp,sepp
Krankbrother,krankbrother
Max Cooper,maxcooper
Benjamin Damage,benjamindamage
FaltyDL,faltydl
Heartthrob,heartthrob
Afriqua,afriqua
Polarize,polarize
Scuba,scuba
Or:la,orla
Skudge,skudge
High Contrast,highcontrast
Jaydrop,jaydrop
Klax,klax
Solah,solah
And.re,andre-ch
SuCré SaLé,sucresale
Peter Van Hoesen,petervanhoesen
B. Traits,btraits
Agents Of Time,agentsoftime
Nic Fanciulli,nicfanciulli
Lewis Boardman,lewisboardman
Ki Creighton,kicreighton
Jackmaster,jackmaster
Paul Ritch,paulritch
Netsky,netsky
Loadstar,loadstar
Notion,notion
Skepsis,skepsis
[email protected],zap
Yotam Avni,yotamavni
2ManyDJs,2manydjs
Fort Romeau,fortromeau
Jonny Rock,jonnyrock
Kate Simko,katesimko
Jesse Calosso,jessecalosso
Soul Clap,soulclap
Scott Grooves,scottgrooves
No Regular Play,noregularplay
Egyptian Lover,egyptianlover
Derek Plaslaiko,derekplaslaiko
Maduk,maduk
Lokane,lokane
TSVI,tsvi
Wallwork,wallwork
Underground Resistance,undergroundresistance
Mark Flash,markflash
Octave One,octaveone
Convextion,convextion
Tessela,tessela
B12,b12
Steve Rachmad,steverachmad
Volte-Face,volte-face
Demdike Stare,demdikestare
DJ Herr,djherr
caLLy,cally
Austen/Scott,austenscott
Boxia,boxia
Sub Focus,subfocus
Beneath,beneath
Bok Bok,bokbok
Kode 9,kode9
Air Max '97,airmax97
AJ Tracey,ajtracey
Total Freedom,totalfreedom
Scratcha DVA,scratchadva
George FitzGerald,georgefitzgerald
Ralph Lawson,ralphlawson
Tobias.,tobiasfreund
Jon Hester,jonhester
Francesco Boffa,francescoboffa
Maelstrom,maelstrom
Thomas Roland,thomasroland
Kid Chriss,kidchriss
Felix Dickinson,felixdickinson
Boycott,boycott
Rowlanz,rowlanz
Nick Anthony Simoncino,nickanthonysimoncino
Autarkic,autarkic
CW/A,cwa
Chris Stanford,chrisstanford
Ben Pearce,benpearce
Stenny,stenny
DjRUM,djrum
Madam X,madamx
Barely Royal,barelyroyal
N-Type,ntype
Franky Greiner,frankygreiner
Kassem Mosse,kassemmosse
Resom,resom
North Lake,northlake
Joseph Williams,josephwilliams
Stacey Pullen,staceypullen
My Nu Leng,mynuleng
New York Transit Authority,newyorktransitauthority
Pete Graham,petegraham
Blocks,blocks
Deadbeat,deadbeat
Loco Dice,locodice
Neil Landstrumm,neillandstrumm
Inland,inland
Will Saul,willsaul
Martyn,martyn
Youandewan,youandewan
Ivan Smagghe,ivansmagghe
Danny Daze,dannydaze
Dan Beaumont,danbeaumont
Jameson,jameson-uk
Kenneth Christiansen,kennethchristiansen
Plastician,plastician
Lena Willikens,lenawillikens
Anthony Naples,anthonynaples
Amy Becker,amybecker
Jetsss,jetsss
Ahadadream,ahadadream
Chak Besh,chakbesh
Cab Drivers,cabdrivers
Jack Wickham,jackwickham
Delta Funktionen,deltafunktionen
Conforce,conforce
ASOK,asok
Freddy K,freddyk
Recondite,recondite
Vril,vril
Hannah Wants,hannahwants
Mak & Pasteman,makpasteman
Vincent Lemieux,vincentlemieux
Mensah,mensah
Sian,sian
Nina Kraviz,ninakraviz
Frank & Tony,frankandtony
Oskar Offermann,oskaroffermann
Optiv,optiv
BTK,btk
MachineCode,machinecode
Disprove,disprove
Ryme Tyme,rymetyme
Stephen Brown,stephenbrown
Oxide,oxide
Martinez Brothers,themartinezbros
Phil Moffa,philmoffa
Tiefschwarz,tiefschwarz
Locked Groove,lockedgroove
CYRK,cyrk-de
Sierra Sam,sierra_sam
Pascal Hetzel,pascalhetzel
Patrick Grooves,patrickgrooves
Tyke,tyke
Echonomist,echonomist
Youngsta,youngsta
Nomine,nomine
Stekke,stekke
Marco Petrazzi,marcopetrazzi
Shall Ocin,shallocin
Ms. Dynamite,ms.dynamite
Marc Houle,marchoule
Pär Grindvik,pargrindvik
DJ Stolen,djstolen
Giovanni Verrina,giovanniverrina
Germano Ventura,germanoventura
Howl Ensemble,howlensemble
Shaun Reeves,shaunreeves
Lee Curtiss,leecurtiss
Skirt,skirt
Truss,truss
Predah,predah
Omar Akhrif,omarakhrif
Move D,moved
Justin Martin,justinmartin
Dubsons,dubsons
Calibre,calibre
Tendai,tendai
Oris,oris
Mr C,mrc
Jay Haze,jayhaze
Jay Tripwire,jaytripwire
Noel Jackson,noeljackson
Stripes,stripes
Mystry,mystry
Niff,niff
Damian Lazarus,damianlazarus
Serge Devant,sergedevant
Magit Cacoon,magitcacoon
Crissy Cris,crissycriss
Talker,talker-us
Gentleman's Dub Club,gentlemansdubclub
Gorgon Sound,gorgonsound
Prince Fatty,princefatty
Jack Swift,jackswift
Mar-T,mar-t
Koven,koven
BMotion,bmotion
Neonlight,neonlight
Tim Parker,timparker
UNiiQU3,uniiqu3
OH91,oh91
Tarquin,tarquin
Stimming,stimming
Robag Wruhme,robagwruhme
Koko Bayern,kokobayern
Steve O'Sullivan,steveosullivan
Cesar Merveille,cesarmerveille
Daylomar,daylomar
D'lex,dlex
Woz,woz
Troy Gunner,troygunner
Charlie Tee,charlietee
Bromley,bromley
Campbell Irvine,campbellirvine
Post Scriptum,postscriptum
Gantz,gantz
Darq E Freaker,darqefreaker
JD. Reid,jdreid
Glacci,glacci
Brett Jacobs,brettjacobs
Voices From The Lake,voicesfromthelake
Lee Gamble,leegamble
Chris Lorenzo,chrislorenzo
Feed Me,feedme
KOAN Sound,koansound
KDA,kda
Dellux,dellux
Carl Cox,carlcox
Jon Rundell,jonrundell
Samuel Bellis,samuelbellis
Stuart Hawkins,stuarthawkins
Saytek,saytek
Mark Gwinnett,markgwinnett
Deanoloco,deanoloco
Paul Neary,paulneary
The Bug,thebug
Riko Dan,rikodan
Miss Red,missred-de
Loefah,loefah
Phaeleh,phaeleh
Dissonance,dissonance
Intact,intact
Jesse James,jessejames
Johnny Bloomfield,johnnybloomfield
SoulMuch,soulmuch
Audion,audion
Robert Hood,roberthood
Esteban Adame,estebanadame
House of Black Lanterns,houseofblacklanterns
Mikal,mikal
Hi5ghost,hi5ghost
Boofy,boofy
Red Eye,redeye
Charlie Dave Kent,charliedavekent
Daniel Mitchell,danielmitchell
Laura Jones,laurajones
jozif,jozif
Harvard Bass,harvardbass
DJ Cable,djcable
Tradesman,tradesman
Italoboyz,italoboyz
Blind Minded,blindminded
Milton Bradley,miltonbradley
Joe Ford,joeford
Terror Danjah,terrordanjah
Jordan Peak,jordanpeak
Alex Celler,alexceller
J:Kenzo,jkenzo
Stephan Bodzin,stephanbodzin
Luca Pilato,lukapilato
Jordan McKinlay,jordanmckinlay
Robert Dietz,robertdietz
Livio & Roby,livioroby
Julian Perez,julianperez
Davy,davy
Remy Allocco,remyallocco-uk
Richie Hawtin,richiehawtin
Hito,hito
Cari Lekebusch,carilekebusch
Marcus Intalex,marcusintalex
Gardens Of God,gardensofgod
Architectural,architectural
Rebolledo,rebolledo
12th Planet,12thplanet
Yamen & EDA,yameneda
Digital Mystikz,digitalmystikz
Ishan Sound,ishansound
Levelz,levelz
Kahn,kahn
Giles Smith,gilessmith
Mr G,mr.g
Jack Beats,jackbeats
GotSome,gotsome-uk
The Golden Boy,thegoldenboy
Octad,octad
Eyesmoon,eyesmoon
Frederic Robinson,fredericrobinson
October,october
Noisia,noisia
Rockwell,rockwell
Rob Data,robdata
Skynet,skynet
Stray,stray
Posij,posij
Mumdance,mumdance
Acre,Acre
Ipman,ipman-uk
Robin Ordell,robinordell
Breach,breach
Cedric Maison,cedricmaison
Junior Sanchez,juniorsanchez
Oliver Dollar,oliverdollar
Christian Nielsen,christiannielsen
Adnan Sharif,adnansharif
Daze Maxim,dazemaxim
CEZAR,CEZAR
Ayarcana,ayarcana
Chase & Status,chasestatus
Frisco,frisco
Bonkaz,bonkaz
MANT,mant
Ossie,ossie
Braxton,braxton
Catchment,catchment
Bruno Schmidt,brunoschmidt
Hyrogifics,hyrogifics
Lemzly Dale,lemzlydale
Elf Kid,elfkid
Peter Glasspool,peterglasspool
Mark Broom,markbroom
Makaton,makaton
Hucci,hucci
Memtrix,memtrix
Digital Farm Animals,digitalfarmanimals
Matrix,matrix
DC Breaks,dcbreaks
Mosca,mosca
Tania Vulcano,taniavulcano
Masomenos,masomenos
Ashley Arrez,ashleyarrez
Break,break
Ernie,ernie
Jason Glanville,jasonglanville
Fábel,fabel
Fer BR,ferbr
Reidy,reidy
Floorplan,floorplan
Andy C,andyc
MistaJam,mistajam
Tonn Piper,tonnpiper
Shy FX,shyfx
Donae'o,donaeo
Marcus Visionary,marcusvisionary
Copy Paste Soul,copypastesoul
Liam Bailey,liambailey
Kyle Hall,kylehall
Terrence Parker,terrenceparker
Luke Hess,lukehess
Shut Up and Dance,shutupanddance
Gareth Wild,garethwild
Daniel Bell,danielbell
Guilhem Monin,guilhemmonin
No Artificial Colours,noartificialcolours
Luke Solomon,lukesolomon
Brett Johnson,brettjohnson
Caleb Calloway,calebcalloway
In Aeternam Vale,inaeternamvale
Timothy J. Fairplay,timothyj.fairplay
Scott Fraser,scottfraser
Matt Walsh,mattwalsh
Jus-Ed,jused
Kerri Chandler,kerrichandler
Jerome Sydenham,jeromesydenham
Lorenzo Chiabotti,lorenzochiabotti
Tevo Howard,tevohoward
Sam Russo,samrusso
Another Amit,anotheramit
Mike Dunn,mikedunn
Nick Monaco,nickmonaco
San Proper,sanproper
Roy Davis Jr,roydavisjr
South London Ordnance,southlondonordnance
Kalyde,kalyde
BMB Spacekid,bmbspacekid
Ekkohaus,ekkohaus
Klady,klady
Exos,exos
Wiley,wiley
Finn McCorry,finnmccorry
EPROM,eprom
Sisterhood,sisterhood
Hesseltime,hesseltime
Pepe Bradock,pepebradock
Spencer,spencer
Tiger & Woods,tigerwoods
Illum Sphere,illumsphere
Jon K,jonk
Geddes,geddes
Zoo Look,zoolook
Juju & Jordash,jujujordash
Lauer,lauer
Mark Jenkyns,markjenkyns
Golesworthy,golesworthy
Felon,felon
Dom & Roland,domroland
Scott Palmer,scottpalmer
Anestie Gomez,anestiegomez
Joe Morley,joemorley
William Kouam Djoko,williamkouamdjoko
Ed Davenport,eddavenport
iO,io
Birdsmakingmachine,birdsmakingmachine
Burnski,burnski
Albion forever,albionforever
T.Williams,t.williams
Moxie,moxie
Jimmy Edgar,jimmyedgar
B.Traits,btraits
Krysko,krysko
Jody Barr,jodybarr
Fabio Florido,fabioflorido
Marc Faenger,marcfaenger
Eduardo de la Calle,eduardodelacalle
SOMNE,somne
Goldie,goldie
Tomoki Tamura,tomokitamura
TEMMA-Teje,temma-teje
Tom Demac,tomdemac
Sebo K,sebok
Six Blade,sixblade
Document One,documentone
dOP,dop
Remi Mazet,remimazet
Sam Bangura,sambangura
Daniel (UK),danieluk
H.E.R,h.e.r
Kalvyn James,kalvynjames
Barber,barber
Ali Tillett,alitillett
Ollie Seaman,ollieseaman
Myles Mears,mylesmears
Newham Generals,newhamgenerals
Julian Bomm,julianbomm
Clockwork,clockwork
Awanto 3,awanto3
Rob Cockerton,robcockerton
Ivan Kutz,ivankutz
Scott Rozario,scottrozario
Rachel Lyn,rachellyn
Mr Tophat,mr.tophat
Art Alfie,artalfie
Ron Morelli,ronmorelli
Enzo Tedeschi,enzotedeschi
Nick Bennett,nickbennett
Fake Blood,fakeblood
Djedjotronic,djedjotronic
Mixhell,mixhell
Dark Circles,darkcircles
Lxury,lxury
Applebottom,applebottom
Jamma,jamma
Rico Casazza,ricocasazza
Visionquest,visionquest
Iron Curtis,ironcurtis
Eddie Leader,eddieleader
Tomson,tomson
Guillaume & The Coutu Dumonts,guillaume
Ruff Sqwad,ruffsqwad
Swindle (UK),swindle-uk
Parris,parris
State of Mind,stateofmind
Maura,maura
Brodanse,brodanse
DJ EZ,djez
Dorsia,dorsia
Fred V & Grafix,fredvgrafix
Mat Zo,matzo
Cobblestone Jazz,cobblestonejazz
Francis Harris,francisharris
Anthony Collins,anthonycollins
Bob Moses,bobmoses
Mef,mef
Maztek,maztek
Renato Ratier,renatoratier
Davis (BR),davis-br
The Revenge,therevenge
James Priestley,jamespriestley
Mike Huckaby,mikehuckaby
Patrice Scott,patricescott
Death on the Balcony,deathonthebalcony
Toni D,tonid
FB Julian,fbjulian
Jonny Dub,jonnydub
Tobi Neumann,tobineumann
Droog,droog
Bambook,bambook
Xo Chic,xochic
Dance Spirit,dancespirit
Steve Bicknell,stevebicknell
J. Phlip,j.phlip
Curses,curses
Kenny Glasgow,kennyglasgow
Entropy,entropy
Maxxi Soundsystem,maxxisoundsystem
Denis Sulta,denissulta
Buraka Som Sistema,burakasomsistema
BLM,blm
Ethyl,ethyl
Flori,flori
Roger Gerressen,rogergerressen
M.A.N.D.Y,mandy
Max Albàn,maxalban
Tim Ross,timross
DJ Sneak,djsneak
Gerd,gerd
Jimpster,jimpster
Manuel Tur,manueltur
Matt Masters,mattmasters
JME,jme-de
Fonti,fonti
Biome,biome
Metrodome,metrodome
Rich Reason,richreason
Scarlett House,scarletthouse
Portable,portable
Oliver Hafenbauer,oliverhafenbauer
Benedikt Frey,benediktfrey
Greg Pidcock,gregpidcock
Simian Mobile Disco,simianmobiledisco
Luke Vibert,lukevibert
Kuedo,kuedo
Michael L Penman,michaellpenman
Sonogama,sonogama
Tourist,tourist
Jon Sojo,jonsojo
Benoit & Sergio,benoitsergio
Norman Nodge,normannodge
Inxec,inxec
Mickey Pearce,mickeypearce
TOYC,toyc
OdD Music,oddmusic
Gregor Tresher,gregortresher
Beautiful Swimmers,beautifulswimmers
Bachelors Of Science,bachelorsofscience
Mathieu Mirande,mathieumirande
Wildkats,wildkats
Ashley Wild,ashleywild
Cinnaman,cinnaman
Jon Rust,jonrust
Calyx & Teebee,calyxteebee-uk
Hackman,hackman
Lorca,lorca
Cropper,cropper
Hash Hendrex,hashhendrex
Sven Tasnadi,sventasnadi
Blackdown,blackdown
Temple,temple
David August,davidaugust
D.E.S,d.e.s
Dan Lively,danlively
Culprate,culprate
Maksim,maksim
Carlo Lio,carlolio
Monika Kruse,monikakruse
Marco Bailey,marcobailey
Harvey Mckay,harveymckay
John Tejada,johntejada
Shaun Soomro,shaunsoomro
Delano Smith,delanosmith
Yossi Amoyal,yossiamoyal
Fierce,fierce
Lone,lone
Space Dimension Controller,spacedimensioncontroller
Alex Smoke,alexsmoke
Justin Drake,justindrake
The Pushamann,thepushamann
Martelo,martelo
Tyree Cooper,tyreecooper
Parris Mitchell,parrismitchell
Bradley Zero,bradleyzero
Charles Drakeford,charlestdrakeford
Tasker,tasker
Praslesh,praslesh
Praslea,praslea
Audio Werner,audiowerner
Henry Krinkle,henrykrinkle
Yasmin,yasmin
Samu.l,samu.l
System,system
Pender Street Steppers,penderstreetsteppers
Hashman Deejay,hashmandeejay
Bake,bake
Brian Not Brian,briannotbrian
Rob Mello,robmello
Rhys Samson,rhyssamson-uk
Chris Maran,chrismaran
Jay Shepheard,jayshepheard
Jacques Renault,jacquesrenault
Chromatics,chromatics
Detroit Swindle,damswindle
John Barera,johnbarera
Will Martin,willmartin
Tom Rio,tomrio
Dan Wild,danwild
Jaymo & Andy George,jaymoandygeorge
Trancemicsoul,trancemicsoul
Tayo,tayo
Walker & Royce,walkerroyce
Craig Duranti,craigduranti
Glimpse,glimpse
Nick Höppner,nickhoppner
FunkinEven,funkineven
K15,k15
Tim Sweeney,timsweeney
Machinedrum,machinedrum
Kris Wadsworth,kriswadsworth
Chambray,chambray
Justin Robertson,justinrobertson
Akufen,akufen
Soul Capsule,soulcapsule
Baby Ford,babyford
Ferro,ferro
Lee Pennington,leepennington
Philip Stirzaker,philipstirzaker
Milhouse,milhouse
Leon Switch,leonswitch
Tuccillo,tuccillo
Moodymanc,moodymanc
Banton,banton
Kutmah,kutmah
LHF,lhf
Kenny Larkin,kennylarkin
S.Moreira,smoreira
Joe Riley,joeriley
Steve Kurz,stevekurz
Avatism,avatism
Bart Skils,bartskils
Paleman,paleman
Evan Baggs,evanbaggs
Faze Miyake,fazemiyake
Stormzy,stormzy
Dark0,dark0-uk
Alex Coulton,alexcoulton
Skepta,skepta
Deadboy,deadboy
Mark E,mark-e
Mat Playford,matplayford
Brassica,brassica
Jovonn,jovonn
Francois X,francoisx
Sable Sheep,sablesheep
Chroma,chroma
Asadinho,asadinho
Tom Gillieron,tomgillieron-uk
Paul Soul,paulsoul
Shackleton,shackleton
Leif,leif
Blue Hour,bluehour
Nick Craddock,nickcraddock
Lyster,lyster
Russ Yallop,russyallop
Simon Baker,simonbaker
A Guy Called Gerald,aguycalledgerald
Antonio De Angelis,antoniodeangelis
Luciano Esse,lucianoesse
DJ Qu,djqu
Black Coffee,blackcoffee
Wbeeza,wbeeza
Alexander Nut,alexandernut
Nick Maleedy,nickmaleedy
Tony Loi,tonyloi
Xosar,xosar
Barnt,barnt
Asusu,asusu
Boys Noize,boysnoize
Untold,untold
Jackson & His Computer Band,jacksonandhiscomputerband
JTC,jtc
Guillaume and The Coutu Dumonts,guillaume
Alex Jones,alexjones
Justin Harris,justinharris
Owen Howells,owenhowells
Wolf + Lamb,wolflamb
PillowTalk,pillowtalk
Anek,anek
Shenoda,shenoda
Artifact,artifactuk
DJ Harvey,djharvey
Eric Volta,ericvolta
Brohn,brohn
Total Fitness,totalfitness
Oliver $,oliverdollar
Klangkarussell,klangkarussell
ZDS,zombiediscosquad
Wilfred Giroux,wilfredgiroux-uk
Bugz in the Attic,bugzintheattic
Isherwood,isherwood
Jan Krüger,jankrueger
Phuture,phuture
Thomas Urv,thomasurv
Bruno Pronsato,brunopronsato
Just Be,justbe
Bushwacka,bushwacka
Dachshund,dachshund
Lisa Maffia,lisamaffia
Richie Dan,richiedan
Visionist,visionist
A. G. Cook,agcook
Palmistry,palmistry
Neana,neana
Ill Blu,illblu
Funkystepz,funkystepz
Duky,duky
Byetone,byetone
Lauhaus,lauhaus
Nightmares on Wax,nightmaresonwax
Paul SG,paulsg
ItaloJohnson,italojohnson
Make Me,makeme
Rupes,rupes
Nic Baird,nicbaird
Losoul,losoul
Ste Roberts,steroberts
Tikiman,tikiman
Lauren Lane,laurenlane
Factory Floor,factoryfloor
Dopplereffekt,dopplereffekt
Consequence,consequence
Vakula,vakula
Harri & Domenic,harri-domenic
Neville Watson,nevillewatson
WHYT NOYZ,whytnoyz
Adesse Versions,adesseversions
Simon Morell,simonmorell
Corbi,corbi
Blond:ish,blondish
Madteo,madteo
Marcos Cabral,marcoscabral
Tomas Kr,tomaskr
Andrew Weatherall,andrewweatherall
Jennifer Cardini,jennifercardini
Andre Bratten,andrebratten
DJ Craze,djcraze
Rattus Rattus,rattusrattus
The Jaydes,thejaydes
Bloody Mary,bloodymary
Attan,attan
Arthur Barr,arthurbarr
Mike Stockell,mikestockell
A Made Up Sound,2562
Phon.o,phon.o
Matthew Herbert,matthewherbert
Ital Tek,italtek
Ital,ital
Wouter de Moor,wouterdemoor
Pedestrian,pedestrian
Pig & Dan,pigndan
Lawrence,lawrence
John Roberts,johnroberts
Trus'me,trusme
Trevino,trevino
Auntie Flo,auntieflo
Esa,esa
DrumTalk,drumtalk
Vandera,vandera
Minilogue,minilogue
Federico Grazzini,federicograzzini
The White Man & The Arab,thewhitemanthearab
Peak & Swift,peakswift
Sebastian Voigt,sebastianvoigt
Cooly G,coolyg
DJ Spinn,djspinn
Laurel Halo,laurelhalo
Okzharp,okzharp
Fatima Al Qadiri,fatimaalqadiri
Seven Davis Jr,sevendavisjr
Franklin De Costa,franklindecosta
Spooky,spooky
Lynx,lynx
Wen,wen
E.m.m.a.,e.m.m.a.
Tunnidge,tunnidge
Mark XTC,markxtc
Luca Lozano,lucalozano
Patrick Specke,patrickspecke
Clarian,clarian
Jef K,jefk
Basement Jaxx,basementjaxx
Letherette,letherette
Jaydan,jaydan
T-Bone,t-bone
Valentino Kanzyani,valentinokanzyani
Mirko Loko,mirkoloko
Mariano Mateljan,marianomateljan
Baunz,baunz
MGUN,mgun
Evian Christ,evianchrist
Brackles,brackles
Jam City,jamcity
MssingNo,mssingno
Tone Of Arc,toneofarc
Konrad Black,konradblack
Al Bradley,albradley
Pasteman,pasteman
Troy Pierce,troypierce
Rudimental,rudimental
Éclair Fifi,eclairfifi
Slackk,slackk
Sudanim,sudanim
Inkke,inkke
Beaner,beaner
Isolee,isolee
Pior,pior
Rudolf,rudolf
Manuk,manuk
Billon,billon
Martinez,martinez
John Heckle,johnheckle
DJ TLR,djtlr
Willie Burns,willieburns
Joey Beltram,joeybeltram
Artwork,artwork
Grain,grain
Benny Ill,bennyill
Matthew Burton,matthewburton
Alexandra,alexandra
Gavin Herlihy,gavinherlihy
Neil Parkes,neilparkes
David Rodigan,davidrodigan
Bella Sarris,bellasarris
Henry St Social,henrystsocial
Andy Stott,andystott
Chris Farrell,chrisfarrell
Shanti Celeste,shanticeleste
The Kelly Twins,thekellytwins
The Analogue Cops,theanaloguecops
Cutline,cutline
June Miller,junemiller
Motor City Drum Ensemble,mcde
Richard Rowell,richardrowell
SCNTST,scntst
The Heatwave,theheatwave
Alex Niggemann,alexniggemann
Debukas,debukas
DJ T.,djt
Chris Wood,chriswood
Daniel Wilde,danielwilde
Kristoffer,kristoffer
JRocc,jrocc
Fatima,fatima
Akkord,akkord
Paula Chalup,paulachalup
David Scuba,davidscuba
Wolf Music,wolfmusic
KRL,krl
Greymatter,greymatter
Casino Times,casinotimes
DJ Earl,djearl
French Fries,frenchfries
Aleqs Notal,aleqsnotal
L-Vis 1990,l-vis1990
Hysterics,hysterics
NSDOS,nsdos
Lopaski,lopaski
Cottam,cottam
Brinsley,brinsley
Congorock,congorock
Marcman,marcman
Jack & I,jacki
Waifs & Strays,waifsstrays
Toby Tobias,tobytobias
Mike Healey,mikehealey
xxxy,xxxy
Horse Meat Disco,horsemeatdisco
Happa,happa
TCTS,tcts
Deniz Kurtel,denizkurtel
DJ Sprinkles,djsprinkles
DeadEcho,deadecho
Stathis Lazarides,stathislazarides
KiNK & Neville Watson,kinknevillewatson
Linkwood,linkwood
Anthony 'Shake' Shakir,anthonyshakir
Fiedel,fiedel
Frak,frak
Joe,joe
Mr Wood,mrwood
Rowpieces,rowpieces
Queenie,queenie
Boxwork,boxwork
Brandt Brauer Frick,brandtbrauerfrick
Strip Steve,stripsteve
I-F,i-f
Bleak,bleak
Kevin Griffiths,kevingriffiths
Greco-Roman Soundsystem,greco-romansoundsystem
Full Nelson,fullnelson
Donato Dozzy,donatodozzy
Morphosis,morphosis
Axel Boman,axelboman
Petter Nordkvist,petter
Kornél Kovács,kornelkovacs
DJ Spinna,djspinna
Thris Tian,thristian
Logos,logos
Rabit,rabit
Moleskin,moleskin
A-Sides,asides
Kryptic Minds,krypticminds
Killawatt,killawatt
Paul Mac,paulmac
BRTSH KNIGHTS,brtshknights
Leadbelly,leadbelly
Werkha,werkha
Sivey,sivey
Trevor Jackson,trevorjackson
Gorgon City,gorgoncity
Coni,coni
Smak Pony,smakpony
DARKSIDE,darkside
Nicolas Jaar,nicolasjaar
Hrdvsion,hrdvsion
Lord Of The Isles,lordoftheisles
Anthea,anthea
Soho,soho
Bloom,bloom
Mlle Caro,mademoisellecaro
DBX,dbx
Antal,antal
Soul Intent,soulintent-uk
Ken & Davy,kendavy
Gaiser,gaiser
Barem,barem
Hobo,hobo
Sound Pellegrino Thermal Team,soundpellegrinothermalteam
A1 Bassline,a1bassline
Drums Of Death,drumsofdeath
Mia Dora,miadora
Chaos In The CBD,chaosinthecbd
Ben Martin,benmartin
Kid AM,kidam
Karma Kid,karmakid
Squarehead,squarehead
Soulphiction,soulphiction
Cookie Monsta,cookiemonsta
Soulz,soulz
Shane Linehan,shanelinehan
Alexi Delano,alexidelano
Giom,giom
Pete Dafeet,petedafeet
Ben Clifford,benclifford
DJ Rashad,djrashad
Kidkanevil,kidkanevil
Blue Daisy,bluedaisy
submerse,submerse
Desto,desto
West Norwood Cassette Library,westnorwoodcassettelibrary
Bambooman,bambooman
Dinky,dinky
Jacob Korn,jacobkorn
d:alog,dalog
Basic Soul Unit,basicsoulunit
Norm Talley,normtalley
S.P.Y.,s.p.y.
ND Baumecker,nd_baumecker
Silicone Soul,siliconesoul
Klartraum,klartraum
Of Norway,ofnorway
Nadja Lind,nadjalind
Ultrasone,ultrasone
Walton,walton
Scott Grant,scottgrant
Chunky,chunky
Ruffhouse,ruffhouse
Tim Red,timred
Saschienne,saschienne
Pachanga Boys,pachangaboys
Huntleys & Palmers,huntleyspalmers
Jus Ed,jused
Jenifa Mayanja,jenifamayanja
The Black Dog,theblackdog
Transit Mafia,transitmafia
Luca Bacchetti,lucabacchetti
Hold Youth,holdyouth
Seuil,seuil
Le Loup,leo
Vadim Svoboda,vadimsvoboda
DJ Shadow,djshadow
Machine Drum,machinedrum
Boxcutter,boxcutter
Wesley Razzy,wesleyrazzy
Carreno is LB,carrenoislb
Javi Redondo,javiredondo
Raymundo Rodriguez,raymundorodriguez
Nadastrom,nadastrom
Surkin,surkin
Para One,paraone
Riton,riton
Bobmo,bobmo
Joe Syntax,joesyntax
Blu Mar Ten,blumarten
Maher Daniel,maherdaniel
Barker & Baumecker,barkerbaumecker
Alley Cat,alleycat
Irrelevant,irrelevant
Lee Hume,leehume
Futureboogie,futureboogie
Altered Natives,alterednatives
Azymuth,azymuth
Gilles Peterson,gillespeterson
Tanner Ross,tannerross
Jared Wilson,jaredwilson
Dr.Shingo,drshingo
Kikiorix,kikiorix
JJ Doom,jj-doom
Mr Thing,mrthing
Chris P Cuts,chrispcuts
Gerry Read,gerryread
Lewis Ryder,lewisryder
Presha,presha
Clarity,clarity
Tobias Freund,tobiasfreund
Makam,makam
Vincenzo Perez,vincenzoperez
Nicolas Son,nicolasson
Danny Bayley,dannybayley
Synkro,synkro
Goth-Trad,gothtrad
Dolan Bergin,dolanbergin
MPIA3,mpia3
Silver Team,silverteam
Alex Murak,alexmurak
Boy 8-Bit,boy8bit
Attaque,attaque
LeBreton,lebreton
Darq E ,darqefreaker
Freaker,freaker
Shox,shox
Kevin McPhee,kevinmcphee
Mr Beatnick,mrbeatnick
Ben Martin,benmartinuk
Marco Resmann,marcoresmann-de
Canary Fontaine,canaryfontaine
Zippy,zippy
Tred Benedict,tredbenedict
T. Williams,t.williams
A Trak,atrak
Just Blaze,justblaze
Ata,ata
System Of Survival,systemofsurvival
LD50,ld50
Sandwell District,sandwelldistrict
Murat Tepeli,murattepeli
Datsik,datsik
E.m.m.a,e.m.m.a.
Third Side,thirdside
John Talabot,johntalabot
The Secret Agency,thesecretagency
Al Tourettes,altourettes
Rhythmic Theory,rhythmictheory
Federico Molinari,federicomolinari
Christian Burkhardt,christianburkhardt
H.O.S.H,hosh
Wareika,wareika
Kruse & Nuernberg,krusenuernberg
Severino,severino
Mark Pavitt,markpavitt
Vicious Circle,viciouscircle
Sven Weisemann,svenweisemann
Psycatron,psycatron
James Dean Brown,jamesdeanbrown
Riz MC,rizmc
Hanfry Martinez,hanfrymartinez
Mark Henning,markhenning
Francesco Tristano,francescotristano
Rustie,rustie
Araabmuzik,araabmuzik
The Town,thetown
Sneaker,sneaker
Deft,deft
BareSkin,bareskin
Betoko,betoko
Fred P,fredp
Stu Clark,stuclark
James Welsh,jameswelsh
Box Mouse,boxmouse
Chloé,chloe
Lil' Louis,lil-louis
Tigerskin,tigerskin
Mark Ronson,markronson
Proxy,proxy
Thefft,thefft
DJ Hell,hell
Spencer Parker,spencerparker
Staffan Linzatti,staffanlinzatti
John Daly,johndaly
Affie Yusuf,affieyusuf
Funtcase,funtcase
Nick Sinna,nicksinna
Norm De Plume,normdeplume
MMM,mmm
Lando Kal,landokal
Cupp Cave,cuppcave
DJ Spooky,djspooky
Miss Kittin,misskittin
Palisade,palisade
Karotte,karotte
Callide,callide
Loko,loko
Mr Solid Gold,mrsolidgold
Braiden,braiden
Doc Martin,docmartin
Fatboy Slim,fatboyslim
Marc Roberts,marcroberts
Infinity Ink,infinityink
Matthew Dear,matthewdear
MHM One,mhmone
Mathias Mesteno,mathiasmesteño
Swayzak,swayzak
Octane,octane
EBK,ebk
Reso,reso
Clean Bandit,cleanbandit
Diego cK Family,diegockfamily
Heiko MSO,heikomso
Ctrls,ctrls
Tomas More,tomasmore
Thomas Muller,thomasmuller
Danuel Tate,danueltate
Virgo Four,virgofour
Superpitcher,superpitcher
Brennan Green,brennangreen
Tiga,tiga
Duke Dumont,dukedumont
Gingy,gingy
Bordello,bordello
Sei A,seia
Jon Convex,jonconvex
Filthy Dukes,filthydukes
Omara,omara
Lookleft,lookleft
Bearight,bearight
Tyrant,tyrant
Wincent Kunth,wincentkunth
Omar S,omars
Marcellus Pittman,marcelluspittman
DJ Steaw,djsteaw
Cosmic Kids,cosmickids
Kozber,kozber
Marco Carola,marcocarola
Madato,madato
Hostage,hostage
Ranacat,ranacat
Guido Schneider,guidoschneider
DJ Flight,djflight
LCD Soundsystem,lcdsoundsystem
Felipe Venegas,felipevenegas
ONNO,onno
Adele Moss,adelemoss
Boy 8 Bit,boy8bit
Clouds,clouds
Ego Troopers,egotroopers
Riotous Rockers,riotousrockers
Alvin C,alvinc
Camea,camea
Ambivalent,ambivalent
Jan Krueger,jankrueger
Melody Kane,melodykane
Alexander Parade,alexanderparade
Soundstream,soundstream
LV,lv
Traxman,traxman
Kingdom,kingdom
Nguzunguzu,nguzunguzu
Vessel,vessel
Szare,szare
Outboxx,outboxx
.DIA,dia
Alex Picone,alexpicone
Shortee Blitz,shorteeblitz
Dj Mk,djmk
Billy Allen,billyallen
Ian Pooley,ianpooley
Nisekay,nisekay
Poussez,poussez
Jafar,jafar
Maxime Cescau,maximecescau
Demarkus Lewis,demarkuslewis
Dubshape,dubshape
Lee Foss,leefoss
Carsten Klemann,carstenklemann
Michel Cleis,michelcleis
Bill Brewster,billbrewster
Ed Jones,edjones
Tboy,tboy
Reboot,reboot
Taimur,taimur
Starkey,starkey
Chaim,chaim
Mathias Kaden,mathiaskaden
Mic Newman,micnewman
Moodtrap,moodtrap
Blokhe4d,blokhe4d
Dollz at Play,dollzatplay
2020 Soundsystem,2020soundsystem
Jacques Lu Cont,jacqueslucont
Miguel Campbell,miguelcampbell
Seiji,seiji
Foamo,foamo
Samantha Blackburn,samanthablackburn
Diverted,diverted
Mike Parker,mikeparker
H Foundation,hfoundation
Hipp-e,hippe
Halo,halo
Nick Dare,nickdare
Kindness,kindness
Rory Phillips,roryphillips
Kiwi,kiwi
The Advent,theadvent
Ross Caiden,rosscaiden
Butane,butane
Claude Von Stroke,claudevonstroke
Sascha Braemer,saschabraemer
Trentemøller,trentemoller
Seldom Seen,seldomseen
Gabbi Lopez,gabbilopez
Bart B More,bartbmore
Lerosa,lerosa
Martin Dawson,martindawson
Juan Atkins,juanatkins
Blondes,blondes
Distal,distal
Two Inch Punch,twoinchpunch
Jim-E Stack,jim-estack
Thundercat,thundercat
Slugabed,slugabed
Offshore,offshore
Re.You,re.you
Rampa,rampa
Meat,djmeat
BNJMN,bnjmn
Extrawelt,extrawelt
Colin John,colinjohn
Danny Benedettini,dannybenedettini
Cristian Vogel,cristianvogel
Electro Elvis,electroelvis
Plaid,plaid
Jerome Hill,jeromehill
Juniper,juniper
Busy P,busyp
Brodinski,brodinski
Picture House,picturehouse
Ewan Pearson,ewanpearson
Remain,remain
Populette,populette
James Friedman,jamesfriedman
Brendon Moeller,brendonmoeller
Nick Lawson,nicklawson
Alejandro Paz,alejandropaz
Natalie Coleman,nataliecoleman
SIS,sis
Gary Beck,garybeck
Pezzner,pezzner
Rhythm Plate,rhythmplate
Spinline,spinline
Larse,larse
Marcelus,marcelus
Alex Cliche,alexcliche
Luca Ruf,lucaruf
Amirali,amirali
Marc Schneider,marcschneider
Redinho,redinho
Elijah and Skilliam,elijahandskilliam
Dominique Danielle,dominiquedanielle
Faster,faster
Francesca Lombardo,francescalombardo
James Teej,jamesteej
Varoslav,varoslav
Ken Ishii,kenishii
DJ 3000,dj3000
Aril Brikha,arilbrikha
Chris Finke,chrisfinke
DJ Kaos,djkaos
Neil Thornton,neilthornton
Don Diablo,dondiablo
Dj Naughty,djnaughty
Abe Duque,abeduque
Clement Meyer,clementmeyer
Sabre,sabre
Lapalux,lapalux
Brawther,brawther
Genius of Time,geniusoftime
Yapacc,yapacc
Footprintz,footprintz
Botnek,botnek
Tom Staar,tomstaar
Monolake,monolake
Maetrik,maetrik
Yakine,yakine
James What,jameswhat
Sepalcure,sepalcure
Bowski,bowski
Public Lover,publiclover
Julien Chaptal,julienchaptal
Audiojack,audiojack
Lee Brinx,leebrinx
Oiram Gar,oiramgar
Damian Schwartz,damianschwartz
Alfie,alfie
Jordi Mas,jordimas
Andy Bone,andybone
Adultnapper,adultnapper
Lightbluemover,lightbluemover
Black Light Smoke,blacklightsmoke
Philipp Ort,philipport
Fred V,fredv
Ifan Dafydd,ifandafydd
Solomun,solomun
Andre Galluzzi,andregalluzzi
Outart,outart
Dowee,dowee
