artist_name,artist_id,ethnicity,gender,genre
Venetian Snares,venetiansnares,NA,NA,NA
Ed Rush,edrush,NA,NA,NA
Optical,optical,NA,NA,NA
Black Sun Empire,blacksunempire,NA,NA,NA
Prolix,prolix,NA,NA,NA
Ricardo Villalobos,ricardovillalobos,NA,NA,NA
Craig Richards,craigrichards,NA,NA,NA
Sonja Moonear,sonjamoonear,NA,NA,NA
Bobby.,bobby,NA,NA,NA
Voigtmann,voigtmann,NA,NA,NA
VØID,void,NA,NA,NA
Vatican Shadow,vaticanshadow,NA,NA,NA
Neon Chambers,neonchambers,NA,NA,NA
Kangding Ray,kangdingray,NA,NA,NA
Sigha,sigha,NA,NA,NA
Rrose,rrose,NA,NA,NA
Faux Naif,fauxnaif,NA,NA,NA
Grooverider,grooverider,NA,NA,NA
Logan D,logand,NA,NA,NA
Majistrate,majistrate,NA,NA,NA
Mampi Swift,mampiswift,NA,NA,NA
Bryan Gee,bryangee,NA,NA,NA
DJ Phantasy,djphantasy,NA,NA,NA
Critical Impact,criticalimpact,NA,NA,NA
Scoundrel,scoundrel,NA,NA,NA
Eksman,eksman,NA,NA,NA
Trigga,trigga,NA,NA,NA
IC3,ic3,NA,NA,NA
Harry Shotta,harryshotta,NA,NA,NA
Funsta,funsta,NA,NA,NA
Eats Everything,eatseverything,NA,NA,NA
La Fleur,lafleur,NA,NA,NA
Alinka,alinka,NA,NA,NA
Syreeta,syreeta-uk,NA,NA,NA
Louisahhh,louisahhh,NA,NA,NA
Wax Wings,waxwings,NA,NA,NA
Lewis G. Burton,lewisg-burton,NA,NA,NA
Cinthie,cinthie,NA,NA,NA
Leo Pol,leopol,NA,NA,NA
Sweely,sweely,NA,NA,NA
Sally C,sallyc,NA,NA,NA
Joe Corti,joecorti,NA,NA,NA
ANOTR,anotr,NA,NA,NA
Bassel Darwish,basseldarwish,NA,NA,NA
Dennis Cruz,denniscruz,NA,NA,NA
Eddy M,eddym,NA,NA,NA
Michael Bibi,michaelbibi,NA,NA,NA
PAWSA,pawsa,NA,NA,NA
Ramin Rezaie,raminrezaie,NA,NA,NA
Reelow,reelow,NA,NA,NA
wAFF,waff,NA,NA,NA
Nicolas Lutz,nicolaslutz,NA,NA,NA
OMAR (UY),omar-uy,NA,NA,NA
Lamache,lamache,NA,NA,NA
Unai Trotti,unaitrotti,NA,NA,NA
Congo Natty,congonatty,NA,NA,NA
Neek,neek,NA,NA,NA
Kenny Ken,kennyken,NA,NA,NA
Ragga Twins,theraggatwins,NA,NA,NA
Commodo,commodo,NA,NA,NA
Cimm,cimm,NA,NA,NA
Deekline,deekline,NA,NA,NA
Serial Killaz,serialkillaz,NA,NA,NA
Benny Page,bennypage,NA,NA,NA
Sherry S,sherrys,NA,NA,NA
Navigator,navigator,NA,NA,NA
Sepia,sepia,NA,NA,NA
Trends,trends,NA,NA,NA
Jammz,jammz,NA,NA,NA
Joseph Capriati,josephcapriati,NA,NA,NA
Hodge,hodge,NA,NA,NA
Randomer,randomer,NA,NA,NA
CCL,ccl,NA,NA,NA
Pan-Pot,pan-pot,NA,NA,NA
David Kochs,davidkochs,NA,NA,NA
Rossko,rossko,NA,NA,NA
Rich NxT,richnxt,NA,NA,NA
Ingi Visions,ingivisions,NA,NA,NA
Laidlaw,laidlaw-uk,NA,NA,NA
Amelie Lens,amelielens,NA,NA,NA
Jay Clarke,jayclarke,NA,NA,NA
Seth Troxler,sethtroxler,NA,NA,NA
Ø [Phase],phase,NA,NA,NA
Cleric,cleric,NA,NA,NA
Tasha,tasha,NA,NA,NA
Skibadee,skibadee,NA,NA,NA
Mollie Collins,molliecollins,NA,NA,NA
Sub Zero,subzero,NA,NA,NA
Uncle Dugs,uncledugs,NA,NA,NA
Jason Kaye,jasonkaye,NA,NA,NA
Martin Larner,martinlarner,NA,NA,NA
Unit 3,unit3,NA,NA,NA
Kevin Saunderson,kevinsaunderson,NA,NA,NA
Leftfield,leftfield,NA,NA,NA
Danny Rampling,dannyrampling,NA,NA,NA
Hamish & Toby,hamishtoby,NA,NA,NA
KRN,krn,NA,NA,NA
Iain Kemz,iainkemz,NA,NA,NA
Mylo Harvey,myloharvey,NA,NA,NA
tINI,tini,NA,NA,NA
Gene On Earth,geneonearth,NA,NA,NA
Oshana,oshana,NA,NA,NA
Nicky Macha,nickymacha,NA,NA,NA
Sidney Charles,sidneycharles,NA,NA,NA
Luuk van Dijk,luukvandijk-nl,NA,NA,NA
Ray Mono,raymono,NA,NA,NA
Tommy Vercetti,tommyvercetti,NA,NA,NA
Jamie Roy,jamieroy,NA,NA,NA
Maribou State,mariboustate,NA,NA,NA
Alexkid,alexkid,NA,NA,NA
Peter Pixzel,peterpixzel,NA,NA,NA
On-Off,on-off,NA,NA,NA
DJ Tennis,djtennis,NA,NA,NA
Krystal Klear,krystalklear,NA,NA,NA
Anna Wall,annawall,NA,NA,NA
Roni Size,ronisize,NA,NA,NA
DJ Rap,djrap,NA,NA,NA
Shimon,shimon,NA,NA,NA
Nicky Blackmarket,nickyblackmarket,NA,NA,NA
Ratpack,ratpack,NA,NA,NA
Billy Daniel Bunter,billydanielbunter,NA,NA,NA
Trix,trix,NA,NA,NA
Philgood,philgood,NA,NA,NA
DJ Listener,djlistener,NA,NA,NA
Junior Buzz,juniorbuzz,NA,NA,NA
Mathame,mathame,NA,NA,NA
The Element,theelement,NA,NA,NA
In Anima,inanima-fr,NA,NA,NA
EarthLife,earthlife,NA,NA,NA
Jeff Mills,jeffmills,NA,NA,NA
Dave Clarke,daveclarke,NA,NA,NA
IMOGEN,imogen,NA,NA,NA
Alan Banks,alanbanks,NA,NA,NA
Mark Landragin,marklandragin,NA,NA,NA
Amy Wiles,amywiles,NA,NA,NA
Roberto Surace,robertosurace,NA,NA,NA
SOSA,sosauk,NA,NA,NA
Laurine,laurine,NA,NA,NA
Cecilio,cecilio,NA,NA,NA
Christian AB,christianbrowne,NA,NA,NA
Quest (IT),questit,NA,NA,NA
Truly Madly,trulymadly,NA,NA,NA
Andy Luff,andyluff,NA,NA,NA
Crissy Criss,crissycriss,NA,NA,NA
Bladerunner,bladerunner-de,NA,NA,NA
Micky Finn,mickyfinn-uk,NA,NA,NA
Aphrodite,aphrodite,NA,NA,NA
Annix,annix,NA,NA,NA
D*Minds,dminds,NA,NA,NA
Giuliano Lomonte,giulianolomonte,NA,NA,NA
Dudley Strangeways,dudleystrangeways,NA,NA,NA
Annie Errez,annieerrez,NA,NA,NA
Luke Black,lukeblack,NA,NA,NA
Enzo Siragusa,enzosiragusa,NA,NA,NA
Luigi Madonna,luigimadonna,NA,NA,NA
Oliver Koletzki,oliverkoletzki,NA,NA,NA
Super Flu,superflu,NA,NA,NA
Aidan Doherty,aidandoherty,NA,NA,NA
Grum,grum,NA,NA,NA
Stereo Underground,stereounderground,NA,NA,NA
Kruder & Dorfmeister,kruder-dorfmeister,NA,NA,NA
Traumer,traumer,NA,NA,NA
Binh,binh,NA,NA,NA
Margaret Dygas,margaretdygas,NA,NA,NA
Hamid,hamid,NA,NA,NA
DJ Bone,djbone,NA,NA,NA
Umwelt,umwelt,NA,NA,NA
Total Science,totalscience,NA,NA,NA
L-Side,l-side,NA,NA,NA
Drumsound & Bassline Smith,drumsoundbasslinesmith,NA,NA,NA
MC GQ,mcgq,NA,NA,NA
LowQui,lowqui,NA,NA,NA
Artificial Intelligence,artificialintelligence,NA,NA,NA
Zero T,zerot,NA,NA,NA
DJ Ron,djron,NA,NA,NA
2SHY,2shy,NA,NA,NA
Decibella,decibella,NA,NA,NA
AJ Christou,ajchristou,NA,NA,NA
Dexter Kane,dexterkane,NA,NA,NA
Apollonia,apollonia,NA,NA,NA
Dan Ghenacia,danghenacia,NA,NA,NA
Dyed Soundorom,dyedsoundorom,NA,NA,NA
Shonky,shonky,NA,NA,NA
Claude VonStroke,claudevonstroke,NA,NA,NA
Cici,cici,NA,NA,NA
Mood II Swing,moodiiswing,NA,NA,NA
Prunk,prunk,NA,NA,NA
Chris Stussy,chrisstussy,NA,NA,NA
DJOKO,djoko,NA,NA,NA
James Dexter,jamesdexter,NA,NA,NA
Jaden Thompson,jadenthompson,NA,NA,NA
SUCASA,sucasa,NA,NA,NA
Nick Curly,nickcurly,NA,NA,NA
Davide Decay,davidedecay,NA,NA,NA
Max.,max.,NA,NA,NA
La Gosse,lagosse,NA,NA,NA
Daisybelle,daisybelle,NA,NA,NA
James O'Connell,jamesoconnell,NA,NA,NA
Rhadoo,rhadoo,NA,NA,NA
Dan Andrei,danandrei,NA,NA,NA
Kozo,kozo,NA,NA,NA
Matteo Manzini,matteomanzini,NA,NA,NA
Mariiin,Mariiin,NA,NA,NA
Lukas Wigflex,lukaswigflex,NA,NA,NA
Alex T,alext,NA,NA,NA
Lee Burridge,leeburridge,NA,NA,NA
Gorje Hewek,gorjehewek,NA,NA,NA
Izhevski,izhevski,NA,NA,NA
Lost Desert,lostdesert,NA,NA,NA
Jacob Husley,jacobhusley,NA,NA,NA
Mathew Jonson,mathewjonson,NA,NA,NA
Sebastian Mullaert,sebastianmullaert,NA,NA,NA
Terry Francis,terryfrancis,NA,NA,NA
Oliver Moon,olivermoon,NA,NA,NA
Claptone,claptone,NA,NA,NA
Waze & Odyssey,wazeodyssey,NA,NA,NA
Wheats,wheats,NA,NA,NA
Lindsey Matthews,lindseymatthews,NA,NA,NA
La Roux,laroux,NA,NA,NA
The Ghost,theghost,NA,NA,NA
Function,function,NA,NA,NA
Volvox,volvox,NA,NA,NA
Voiski,voiski,NA,NA,NA
Alix Perez,alixperez,NA,NA,NA
Etherwood,etherwood,NA,NA,NA
BCee,bcee,NA,NA,NA
Sweetpea,sweetpea,NA,NA,NA
Cleveland,cleveland,NA,NA,NA
LX one,lxone,NA,NA,NA
Fre4knc,fre4knc,NA,NA,NA
Arkaik,arkaik,NA,NA,NA
Philth,philth,NA,NA,NA
Amoss,amoss,NA,NA,NA
Survey,survey,NA,NA,NA
Joe Raygun,joeraygun,NA,NA,NA
Dilemma,dilemma,NA,NA,NA
Leon,leonitaly,NA,NA,NA
Andrea Giudice,andreagiudice,NA,NA,NA
Daniel Orpi,danielorpi,NA,NA,NA
Saoirse,saoirse,NA,NA,NA
DJ Stingray,djstingray,NA,NA,NA
Radioactive Man,radioactiveman,NA,NA,NA
A-Future,afuture,NA,NA,NA
2 Bad Mice,2badmice,NA,NA,NA
Chris Inperspective,chrisinperspective,NA,NA,NA
Seb Zito,sebzito,NA,NA,NA
Matt Jam Lamont,mattjamlamont,NA,NA,NA
James Puentes,jamespuentes,NA,NA,NA
Re-UP,re-up,NA,NA,NA
Riccardo Piazza,riccardopiazza,NA,NA,NA
Prins Thomas,prinsthomas,NA,NA,NA
DJ Sotofett,djsotofett,NA,NA,NA
Stanton Warriors,stantonwarriors,NA,NA,NA
Danny Byrd,dannybyrd,NA,NA,NA
Mark Archer,markarcher,NA,NA,NA
Shadow Child,shadowchild,NA,NA,NA
The Nextmen,thenextmen,NA,NA,NA
Plump DJs,plumpdjs,NA,NA,NA
Freestylers,freestylers,NA,NA,NA
Mafia Kiss,mafiakiss,NA,NA,NA
Aurbs,aurbs,NA,NA,NA
Hostox,hostox,NA,NA,NA
Mälu,malu,NA,NA,NA
Marcelina Wick,marcelinawick,NA,NA,NA
Jay Medvedeva,jaymedvedeva,NA,NA,NA
Olly Vanc,ollyvanc,NA,NA,NA
moxiaolin,moxiaolin,NA,NA,NA
DeWalta,dewalta,NA,NA,NA
Mike Shannon,mikeshannon,NA,NA,NA
John Dimas,johndimas,NA,NA,NA
Digby,digby,NA,NA,NA
Harry McCanna,harrymccanna,NA,NA,NA
Trimer,trimer,NA,NA,NA
Apollo 84,apollo84,NA,NA,NA
DAF,daf,NA,NA,NA
Alecia Hanna,aleciahanna,NA,NA,NA
Laura Harvey,lauraharvey,NA,NA,NA
Forester,forester,NA,NA,NA
Aghnes,aghnes,NA,NA,NA
Ethel,ethel,NA,NA,NA
JoeFarr,joefarr,NA,NA,NA
Hypah,hypah,NA,NA,NA
Fred Asquith,FredAsquith,NA,NA,NA
Kodah,kodah,NA,NA,NA
Niamh,niamh,NA,NA,NA
Deborah De Luca,deborahdeluca,NA,NA,NA
Kolsch,kolsch,NA,NA,NA
Joris Voorn,jorisvoorn,NA,NA,NA
Ryan Elliott,ryanelliott,NA,NA,NA
Pirupa,pirupa,NA,NA,NA
Loran,loran,NA,NA,NA
Bruno Fornaro,brunofornaro,NA,NA,NA
Jan Blomqvist,janblomqvist,NA,NA,NA
Oliver Schories,oliverschories,NA,NA,NA
Sinàl,sinal,NA,NA,NA
Sam Wolf,samwolf-uk,NA,NA,NA
Nicky Sahota,nickysahota,NA,NA,NA
Ricky Sahota,rickysahota,NA,NA,NA
Ben Murphy,benmurphy,NA,NA,NA
Luke Hazell,lukehazell,NA,NA,NA
Elliott Owen,elliottowen,NA,NA,NA
Norris Da Boss Windross,norrisdabosswindross,NA,NA,NA
DJ Cartier,djcartier,NA,NA,NA
Scott Garcia,scottgarcia,NA,NA,NA
Mike Delinquent,mikedelinquent,NA,NA,NA
MC DT,mcdt,NA,NA,NA
Sam Supplier,samsupplier,NA,NA,NA
Shenin Amara,sheninamara,NA,NA,NA
Kirk Paten,kirkpaten,NA,NA,NA
Marcus Nasty,marcus-nasty,NA,NA,NA
Romare,romare,NA,NA,NA
Session Victim,sessionvictim,NA,NA,NA
TSHA,tsha,NA,NA,NA
Sasha,sasha,NA,NA,NA
Charlotte de Witte,charlottedewitte,NA,NA,NA
999999999,999999999,NA,NA,NA
Amotik,amotik,NA,NA,NA
Anastasia Kristensen,anastasiakristensen,NA,NA,NA
Matrixxman,matrixxman,NA,NA,NA
ONYVAA,onyvaa-fr,NA,NA,NA
Mala,mala,NA,NA,NA
Egoless,egoless,NA,NA,NA
Dubkasm,dubkasm,NA,NA,NA
Compa,compa,NA,NA,NA
Samba,samba,NA,NA,NA
Mungo's Hi Fi,mungoshifi,NA,NA,NA
Iration Steppas,irationsteppas,NA,NA,NA
Eva Lazarus,evalazarus,NA,NA,NA
Mihai Popoviciu,mihaipopoviciu,NA,NA,NA
Toman,toman,NA,NA,NA
RPR Soundsystem,rprsoundsystem,NA,NA,NA
Petre Inspirescu,petreinspirescu,NA,NA,NA
Raresh,raresh,NA,NA,NA
Maayan Nidam,maayannidam,NA,NA,NA
Cosmin TRG,cosmintrg,NA,NA,NA
Todd Edwards,toddedwards,NA,NA,NA
Riva Starr,rivastarr,NA,NA,NA
Ellie Cocks,elliecocks,NA,NA,NA
Max Dean,maxdean-uk,NA,NA,NA
Rapha (1),rapha-1,NA,NA,NA
Mario D'Ambrosio,mariodambrosio-uk,NA,NA,NA
Setaoc Mass,setaocmass,NA,NA,NA
Airod,airod,NA,NA,NA
Perc,perc,NA,NA,NA
SpectraSoul,spectrasoul,NA,NA,NA
Breakage,breakage,NA,NA,NA
Technimatic,technimatic-uk,NA,NA,NA
Icicle,icicle,NA,NA,NA
Ed:it,edit-de,NA,NA,NA
GLXY,glxy,NA,NA,NA
Visionobi,visionobi,NA,NA,NA
Phace,phace,NA,NA,NA
Misanthrop,misanthrop,NA,NA,NA
Halogenix,halogenix,NA,NA,NA
DJ Patife,djpatife,NA,NA,NA
KOKOKO!,kokoko,NA,NA,NA
Jamie Jones,jamiejones,NA,NA,NA
Francesco Del Garda,francescodelgarda,NA,NA,NA
Youngman,youngman,NA,NA,NA
Doctor P,doctorp,NA,NA,NA
Dodge & Fuski,dodgefuski,NA,NA,NA
Maceo Plex,maceoplex,NA,NA,NA
Dino Lenny,dinolenny,NA,NA,NA
Boris Werner,boriswerner,NA,NA,NA
Mount Kimbie,mountkimbie,NA,NA,NA
Paranoid London,paranoidlondon,NA,NA,NA
nd_baumecker,nd_baumecker,NA,NA,NA
DEBONAIR,debonair-uk,NA,NA,NA
Carl Anians,carlanians,NA,NA,NA
Miller,miller,NA,NA,NA
Nicolau,nicolau,NA,NA,NA
Ben UFO,benufo,NA,NA,NA
Pangaea,pangaea,NA,NA,NA
Pearson Sound,pearsonsound,NA,NA,NA
rRoxymore,roxymore,NA,NA,NA
Shelley Parker,shelleyparker,NA,NA,NA
Little Hado,littlehado,NA,NA,NA
Dean Marc,deanmarc,NA,NA,NA
Evonii,evonii,NA,NA,NA
Ei8ht,ei8ht,NA,NA,NA
Truncate,truncate,NA,NA,NA
Andres Campo,andrescampo,NA,NA,NA
Rene LaVice,renelavice,NA,NA,NA
Brookes Brothers,brookesbrothers,NA,NA,NA
Jubei,jubei,NA,NA,NA
DJ Die,djdie,NA,NA,NA
Concord Dawn,concorddawn,NA,NA,NA
Klute,klute,NA,NA,NA
dogger,dogger,NA,NA,NA
Mindstate,mindstate,NA,NA,NA
SP:MC,spmc,NA,NA,NA
Mantmast,mantmast,NA,NA,NA
Bicep,bicep,NA,NA,NA
Cromby,cromby,NA,NA,NA
Cormac,cormac,NA,NA,NA
Josh Caffe,joshcaffe,NA,NA,NA
Jaye Ward,jayeward,NA,NA,NA
Call Super,callsuper,NA,NA,NA
Objekt,objekt,NA,NA,NA
VTSS,vtss,NA,NA,NA
Eli Brown,elibrown,NA,NA,NA
Francisco Allendes,franciscoallendes,NA,NA,NA
Matthias Tanzmann,matthiastanzmann,NA,NA,NA
Secondcity,secondcity,NA,NA,NA
The Martinez Brothers,themartinezbros,NA,NA,NA
Lauren Lo Sung,laurenlosung,NA,NA,NA
Rødhåd,rodhad,NA,NA,NA
Adiel,adiel,NA,NA,NA
British Murder Boys,britishmurderboys,NA,NA,NA
Surgeon,surgeon,NA,NA,NA
Regis,regis,NA,NA,NA
Samuel Kerridge,samuelkerridge,NA,NA,NA
Marcel Dettmann,marceldettmann,NA,NA,NA
François X,francoisx,NA,NA,NA
Rusko,rusko,NA,NA,NA
DJ Hype,djhype,NA,NA,NA
DJ Hazard,djhazard,NA,NA,NA
J Majik,jmajik,NA,NA,NA
Mantra,mantra,NA,NA,NA
Foreign Beggars,foreignbeggars,NA,NA,NA
Inja,inja,NA,NA,NA
Carasel,carasel,NA,NA,NA
Ill Truth,illtruth,NA,NA,NA
Combine,combine,NA,NA,NA
Mehlor,mehlor,NA,NA,NA
Haïch,haich-uk,NA,NA,NA
Ben Klock,benklock,NA,NA,NA
Paula Temple,paulatemple,NA,NA,NA
Tommy Four Seven,tommyfourseven,NA,NA,NA
Kölsch,kolsch,NA,NA,NA
Agoria,agoria,NA,NA,NA
Manoo,manoo,NA,NA,NA
Dave Anthony,daveanthony,NA,NA,NA
DJEFF,djeff,NA,NA,NA
Midland,midland,NA,NA,NA
Oli Silva,olisilva,NA,NA,NA
KiNK,kink,NA,NA,NA
Slam,slam,NA,NA,NA
Laurent Garnier,laurentgarnier,NA,NA,NA
James Lavelle,jameslavelle,NA,NA,NA
Krust,krust,NA,NA,NA
UNKLE,unkle,NA,NA,NA
Will Bankhead,willbankhead,NA,NA,NA
Timoti,timoti,NA,NA,NA
Nathan Coles,nathancoles,NA,NA,NA
Eddie Richards,eddierichards,NA,NA,NA
Layo & Bushwacka!,layoandbushwacka,NA,NA,NA
Ollie Drummond,olliedrummond,NA,NA,NA
Original Sin,originalsin,NA,NA,NA
Mob Tactics,mobtactics,NA,NA,NA
Taxman,taxman,NA,NA,NA
North Base,northbase,NA,NA,NA
Pete Tong,petetong,NA,NA,NA
Themba,themba,NA,NA,NA
Illyus & Barrientos,illyusbarrientos,NA,NA,NA
DJelley,djelley-uk,NA,NA,NA
Arno aka Einzelkind,einzelkind,NA,NA,NA
Junki Inoue,junkiinoue,NA,NA,NA
Futurebound,futurebound,NA,NA,NA
Rhymestar,rhymestar,NA,NA,NA
Miss Trouble,misstrouble,NA,NA,NA
Fatman D,fatmand,NA,NA,NA
Lee Rands,leerands,NA,NA,NA
Louis Jay,louisjay,NA,NA,NA
Guy Gerber,guygerber,NA,NA,NA
Bill Patrick,billpatrick,NA,NA,NA
Thoma Bulwer,thomabulwer,NA,NA,NA
Franky Rizardo,frankyrizardo,NA,NA,NA
Black Loops,blackloops,NA,NA,NA
Rossi,rossi,NA,NA,NA
Four Tet,fourtet,NA,NA,NA
Willow,willow,NA,NA,NA
Barac,barac,NA,NA,NA
Blawan,blawan,NA,NA,NA
Pariah,pariah,NA,NA,NA
Appleblim,appleblim,NA,NA,NA
Bruce,bruce,NA,NA,NA
Danielle,danielle,NA,NA,NA
Special Request,specialrequest,NA,NA,NA
Source Direct,sourcedirect,NA,NA,NA
Adam F,adamf,NA,NA,NA
SHERELLE,sherelle,NA,NA,NA
Addison Groove,addisongroove,NA,NA,NA
Jossy Mitsu,jossymitsu,NA,NA,NA
FAUZIA,fauzia,NA,NA,NA
Impey,impey,NA,NA,NA
Oneman,oneman,NA,NA,NA
L U C Y,lucy-uk,NA,NA,NA
SGT Pokes,sgtpokes,NA,NA,NA
El-B,el-b,NA,NA,NA
Horsepower Productions,horsepowerproductions,NA,NA,NA
Manga Saint Hilare,mangasainthilare,NA,NA,NA
Sicaria Sound,sicariasound,NA,NA,NA
Friction,friction,NA,NA,NA
Distinkt,distinkt,NA,NA,NA
Bushbaby,bushbaby,NA,NA,NA
Dillinja,dillinja,NA,NA,NA
DJ Storm,djstorm,NA,NA,NA
Kyrist,kyrist,NA,NA,NA
Fixate,fixate,NA,NA,NA
Barely Legal,barelylegal,NA,NA,NA
Daddy Nature,daddynature,NA,NA,NA
DJ Ardi,djardi,NA,NA,NA
Real Roots,realroots-2,NA,NA,NA
Maya Jane Coles,mayajanecoles,NA,NA,NA
Kim Ann Foxman,kimannfoxman,NA,NA,NA
Hannah Holland,hannahholland,NA,NA,NA
Maze & Masters,mazemasters,NA,NA,NA
Lottie,lottie,NA,NA,NA
Marbles,marbles,NA,NA,NA
Xoey 5.0,xoey50,NA,NA,NA
Ray Keith,raykeith,NA,NA,NA
Benny L,bennyl,NA,NA,NA
Nvrsoft,nvrsoft,NA,NA,NA
Jack Dee,jackdee,NA,NA,NA
DJ Majesty,djmajesty,NA,NA,NA
Rob Burden,robburden,NA,NA,NA
Jai Baisden,jaibaisden,NA,NA,NA
Paulo Moreno,paulomoreno,NA,NA,NA
Iwizz,iwizz,NA,NA,NA
Art e Fect,artefect,NA,NA,NA
Braindead,braindead,NA,NA,NA
illi,illi,NA,NA,NA
Separated Brothers,separatedbrothers,NA,NA,NA
Erol Alkan,erolalkan,NA,NA,NA
Baba Stiltz,babastiltz,NA,NA,NA
Eclair Fifi,eclairfifi,NA,NA,NA
Grainger,grainger,NA,NA,NA
Spacetravel,spacetravel,NA,NA,NA
Raphael Carrau,raphael-uk,NA,NA,NA
Manfred Spagnoli,manfredspagnoli,NA,NA,NA
Christian Löffler,christianloffler,NA,NA,NA
Janus Rasmussen,janusrasmussen,NA,NA,NA
Kiasmos,kiasmos,NA,NA,NA
Ruede Hagelstein,ruedehagelstein,NA,NA,NA
Aparde,aparde,NA,NA,NA
D'Julz,djulz,NA,NA,NA
Elvin Zedo,elvinzedo,NA,NA,NA
Steve Lawler,stevelawler,NA,NA,NA
Orbital,orbital,NA,NA,NA
Roman Flugel,romanflugel,NA,NA,NA
Wax On Mare St.,waxonmarest,NA,NA,NA
Karizma,karizma,NA,NA,NA
Laurence Guy,laurenceguy,NA,NA,NA
Harrison BDP,harrisonbdp,NA,NA,NA
Adryiano,adryiano,NA,NA,NA
Michael James,michaeljames,NA,NA,NA
Diego Krause,diegokrause,NA,NA,NA
Sakro,sakro,NA,NA,NA
Maik Yells,maikyells,NA,NA,NA
SY (DE),sy-de,NA,NA,NA
Steffi,steffi,NA,NA,NA
General Ludd,generalludd,NA,NA,NA
JAY,jay-uk,NA,NA,NA
Sybil,sybil,NA,NA,NA
DJ Randall,djrandall,NA,NA,NA
Chimpo,chimpo,NA,NA,NA
Madcap,madcap,NA,NA,NA
Neverdogs,neverdogs,NA,NA,NA
Tessellate,tessellate,NA,NA,NA
Project Pablo,projectpablo,NA,NA,NA
Hammer,hammer,NA,NA,NA
DJ Haus,djhaus,NA,NA,NA
Eliza Rose,elizarose,NA,NA,NA
Larry Cadge,larrycadge,NA,NA,NA
Ray Okpara,rayokpara,NA,NA,NA
Alan Fitzpatrick,alanfitzpatrick,NA,NA,NA
Ronnie Spiteri,ronniespiteri,NA,NA,NA
Alisha,alisha,NA,NA,NA
Del-30,del-30,NA,NA,NA
Friend Within,friendwithin,NA,NA,NA
Meduza,meduza,NA,NA,NA
Floating Points,floatingpoints,NA,NA,NA
Route 94,route94,NA,NA,NA
Ben Sterling,bensterling,NA,NA,NA
Dana Ruh,danaruh,NA,NA,NA
Igor Vicente,igorvicente,NA,NA,NA
Nastia,nastia,NA,NA,NA
Daria Kolosova,dariakolosova,NA,NA,NA
Kosheen,kosheen,NA,NA,NA
Scratch Perverts,scratchperverts,NA,NA,NA
FreQ Nasty,freqnasty,NA,NA,NA
Evil Nine,evilnine,NA,NA,NA
Meat Katie,meatkatie,NA,NA,NA
Djebali,djebali,NA,NA,NA
Julenn,julenn,NA,NA,NA
Swoop,swoop,NA,NA,NA
Gui Boratto,guiboratto,NA,NA,NA
Andhim,andhim,NA,NA,NA
Jonas Rathsman,jonasrathsman,NA,NA,NA
Konstantin Sibold,konstantinsibold,NA,NA,NA
Ignacio Morales,ignaciomorales,NA,NA,NA
Paco Osuna,pacoosuna,NA,NA,NA
Spektre,spektre,NA,NA,NA
Nymfo,nymfo,NA,NA,NA
DLR,dlr,NA,NA,NA
Ulterior Motive,ulteriormotive,NA,NA,NA
Kid Drama,kiddrama,NA,NA,NA
Hybris,hybris,NA,NA,NA
Gusto,gusto,NA,NA,NA
Paragon,paragon,NA,NA,NA
Adam Beyer,adambeyer,NA,NA,NA
Dax J,daxj,NA,NA,NA
Hunee,hunee,NA,NA,NA
Daphni,daphni,NA,NA,NA
Job Jobse,jobjobse,NA,NA,NA
Batu,batu-uk,NA,NA,NA
re:ni,reni,NA,NA,NA
Nacho Bolognani,nachobolognani,NA,NA,NA
Alejo Galvez,alejogalvez,NA,NA,NA
Kolo & Dyze,kolodyze,NA,NA,NA
Tarek Charbonnier,tarekcharbonnier,NA,NA,NA
Sofiane,sofiane,NA,NA,NA
Ludo M,ludom,NA,NA,NA
François K,francoisk,NA,NA,NA
Boo Williams,boowilliams,NA,NA,NA
Glenn Underground,glennunderground,NA,NA,NA
Jonathan Kaspar,jonathankaspar,NA,NA,NA
Rodriguez Jr.,rodriguezjr,NA,NA,NA
John Monkman,johnmonkman,NA,NA,NA
Mikee B,mikeeb,NA,NA,NA
Grant Nelson,grantnelson,NA,NA,NA
Majestic,majestic,NA,NA,NA
Hermit,hermit,NA,NA,NA
Daniel Ward,danielward,NA,NA,NA
Jumping Jack Frost,jumpingjackfrost,NA,NA,NA
Charlotte Devaney,charlottedevaney,NA,NA,NA
Dennis Ferrer,dennisferrer,NA,NA,NA
Magda,magda,NA,NA,NA
DJ Deeon,djdeeon,NA,NA,NA
Emanuel Satie,emanuelsatie,NA,NA,NA
ABSOLUTE.,absolute,NA,NA,NA
Jay Jay Revlon,jayjayrevlon,NA,NA,NA
Culture Shock,cultureshock,NA,NA,NA
Metrik,metrik,NA,NA,NA
1991,1991,NA,NA,NA
The Upbeats,theupbeats,NA,NA,NA
Majora,majora,NA,NA,NA
Negativ,negativ,NA,NA,NA
Killa P,killap,NA,NA,NA
Fabe,fabe,NA,NA,NA
Lee Burton,leeburton,NA,NA,NA
Haydn,haydn,NA,NA,NA
Herck,herck,NA,NA,NA
Jane Fitz,janefitz,NA,NA,NA
Virgil Abloh,virgilabloh,NA,NA,NA
Benji B,benjib,NA,NA,NA
Jay Daniel,jaydaniel,NA,NA,NA
Skinny Macho,skinnymacho,NA,NA,NA
Phil Weeks,philweeks,NA,NA,NA
Casey Spillman,caseyspillman,NA,NA,NA
Andre Buljat,andrebuljat,NA,NA,NA
London Elektricity,londonelektricity,NA,NA,NA
Chris Liebing,chrisliebing,NA,NA,NA
dBridge,dbridge,NA,NA,NA
Doc Scott,docscott,NA,NA,NA
LSB,lsb,NA,NA,NA
Ant TC1,antdc1,NA,NA,NA
Villem,villem,NA,NA,NA
Markee Ledge,markeeledge,NA,NA,NA
Luciano,luciano,NA,NA,NA
Bas Ibellini,ibellini,NA,NA,NA
Adriatique,adriatique,NA,NA,NA
Yacine Dessouki,yacinedessouki,NA,NA,NA
Hot Since 82,hotsince82,NA,NA,NA
President T,presidentt,NA,NA,NA
Footsie,footsie,NA,NA,NA
Flowdan,flowdan,NA,NA,NA
Scrufizzer,scrufizzer,NA,NA,NA
Flirta D,flirtad,NA,NA,NA
Sharky,sharky,NA,NA,NA
Capo Lee,capolee,NA,NA,NA
Sir Spyro,sirspyro,NA,NA,NA
Logan Sama,logansama,NA,NA,NA
Kloser,kloser,NA,NA,NA
Supa D,supad,NA,NA,NA
MA1,ma1,NA,NA,NA
Tippa,tippa,NA,NA,NA
Fur Coat,furcoat,NA,NA,NA
Gianni Callipari,giannicallipari,NA,NA,NA
Roi Perez,roiperez,NA,NA,NA
Wayne Holland,wayneholland,NA,NA,NA
Cristoph,cristoph,NA,NA,NA
Jody Wisternoff,jodywisternoff,NA,NA,NA
Moon Boots,moonboots,NA,NA,NA
Made By Pete,madebypete,NA,NA,NA
Roxanne Roll,roxanneroll,NA,NA,NA
Mister Sushi,mistersushi,NA,NA,NA
Bedouin,bedouin,NA,NA,NA
Adam Port,adamport,NA,NA,NA
Rebekah,rebekah,NA,NA,NA
Ansome,ansome,NA,NA,NA
Skankandbass,skankandbass,NA,NA,NA
John Digweed,digweed,NA,NA,NA
Joey Daniel,joeydaniel,NA,NA,NA
Miguel Bastida,miguelbastida,NA,NA,NA
DJ Skizzo,djskizzo,NA,NA,NA
Gianfranco Troccoli,gianfrancotroccoli,NA,NA,NA
Lio Mass,liomass,NA,NA,NA
Problem Central,problemcentral,NA,NA,NA
BassLayerz,basslayerz,NA,NA,NA
DBR UK,dbruk,NA,NA,NA
Archie Hamilton,archiehamilton,NA,NA,NA
Sam Paganini,sampaganini,NA,NA,NA
Lewis Fautzi,lewisfautzi,NA,NA,NA
Josh Gregg,joshgregg,NA,NA,NA
Javier Carballo,javiercarballo,NA,NA,NA
Alejandro Fernandez,alejandrofernandez,NA,NA,NA
LSG,lsg,NA,NA,NA
Exhale,exhale,NA,NA,NA
Marcel Fengler,marcelfengler,NA,NA,NA
Milo Spykers,milospykers,NA,NA,NA
Funky Flirt,funkyflirt,NA,NA,NA
Tale Of Us,taleofus,NA,NA,NA
DVS1,dvs1,NA,NA,NA
Anetha,anetha,NA,NA,NA
Shifted,shifted,NA,NA,NA
Z.I.P.P.O,z.i.p.p.o,NA,NA,NA
Joker,joker,NA,NA,NA
Subtle Mind,subtlemind,NA,NA,NA
Malandra JR,malandrajr,NA,NA,NA
Violet (PT),violet-pt,NA,NA,NA
DJ Sonikku,djsonikku,NA,NA,NA
Monoloc,monoloc,NA,NA,NA
SHDW,shdw,NA,NA,NA
Obscure Shape,obscureshape,NA,NA,NA
747,747,NA,NA,NA
Terence Fixmer,terencefixmer,NA,NA,NA
Daniel Miller,danielmiller,NA,NA,NA
Yotto,yotto,NA,NA,NA
Adana Twins,adanatwins,NA,NA,NA
Kidnap,kidnap,NA,NA,NA
Monkey Safari,monkeysafari,NA,NA,NA
Finnebassen,finnebassen,NA,NA,NA
Markantonio,markantonio,NA,NA,NA
Leon Vynehall,leonvynehall,NA,NA,NA
Ploy,ploy,NA,NA,NA
Kelly Lee Owens,kellyleeowens,NA,NA,NA
Danny T & Tradesman,dannyttradesman,NA,NA,NA
Last Japan,lastjapan,NA,NA,NA
Akito,akito,NA,NA,NA
Kamixlo,kamixlo,NA,NA,NA
Woesum,woesum,NA,NA,NA
Silk Road Assassins,silkroadassassins,NA,NA,NA
Jook,jook,NA,NA,NA
Jawside,jawside-de,NA,NA,NA
ALFY,alfy,NA,NA,NA
Fabrizio Maurizi,fabriziomaurizi,NA,NA,NA
Peggy Gou,peggygou,NA,NA,NA
Legowelt,legowelt,NA,NA,NA
Levon Vincent,levonvincent,NA,NA,NA
Mason Collective,masoncollective,NA,NA,NA
Nathan Barato,nathanbarato,NA,NA,NA
Kevin Knapp,kevinknapp,NA,NA,NA
Bonobo,bonobo,NA,NA,NA
Throwing Snow,throwingsnow,NA,NA,NA
Stellar OM Source,stellaromsource,NA,NA,NA
Caspa,caspa,NA,NA,NA
Coki,coki,NA,NA,NA
Six Sunsets,sixsunsets,NA,NA,NA
Bassman,bassman,NA,NA,NA
Taiko,taiko,NA,NA,NA
Opus,opus,NA,NA,NA
Riz La Teef,rizlateef,NA,NA,NA
Drumterror,drumterror,NA,NA,NA
Silkie,silkie,NA,NA,NA
Jeremy Underground,jeremyunderground,NA,NA,NA
Dan Shake,danshake,NA,NA,NA
Otzeki,otzeki,NA,NA,NA
Desert Sound Colony,desertsoundcolony,NA,NA,NA
Voyeur,voyeur,NA,NA,NA
Jacques Adda,jacquesadda,NA,NA,NA
Francesca Mackay,francescamackay,NA,NA,NA
Pool Tax,pooltax,NA,NA,NA
Edward,edward,NA,NA,NA
Livity Sound,livitysound,NA,NA,NA
Kowton,kowton,NA,NA,NA
Peverelist,peverelist,NA,NA,NA
Groove Armada,groovearmada,NA,NA,NA
Josh Butler,joshbutler,NA,NA,NA
Huxley,huxley,NA,NA,NA
Anthony Parasole,anthonyparasole,NA,NA,NA
Blasha & Allatt,blashaallatt,NA,NA,NA
Shed,shed,NA,NA,NA
Headless Horseman,headlesshorseman,NA,NA,NA
Sunil Sharpe,sunilsharpe,NA,NA,NA
Serum,serum,NA,NA,NA
Think Tonk,thinktonk,NA,NA,NA
Mike Drop,mikedrop,NA,NA,NA
Lumieux,lumieux,NA,NA,NA
A-Bril,a-bril,NA,NA,NA
Blotter Trax,blottertrax,NA,NA,NA
Black Asteroid,blackasteroid,NA,NA,NA
Answer Code Request,answercoderequest,NA,NA,NA
Cuartero,cuartero,NA,NA,NA
De La Swing,delaswing,NA,NA,NA
Nasser Baker,nasserbaker,NA,NA,NA
Pat Wilson,patwilson,NA,NA,NA
AD:mE,adme,NA,NA,NA
QM UMS,qmums,NA,NA,NA
DJ Owdaug,djowdaug,NA,NA,NA
PHCK,phck-de,NA,NA,NA
Kirsti,kirsti,NA,NA,NA
LTJ Bukem,ltjbukem,NA,NA,NA
Urbandawn,urbandawn,NA,NA,NA
arpxp,arpxp,NA,NA,NA
Degs,degs,NA,NA,NA
Double O,doubleo,NA,NA,NA
Djinn,djinn,NA,NA,NA
DJ Masda,djmasda,NA,NA,NA
Sean Galvin,seangalvin,NA,NA,NA
Tommy Martin,tommymartin,NA,NA,NA
Anja Schneider,anjaschneider,NA,NA,NA
Pleasurekraft,pleasurekraft,NA,NA,NA
OC & Verde,ocverde,NA,NA,NA
Pig&Dan,pigndan,NA,NA,NA
LENKA TOMA,lenkatoma,NA,NA,NA
Aldanya,aldanya,NA,NA,NA
Nepo,nepo,NA,NA,NA
Nord3c,nord3c,NA,NA,NA
Fideles,fideles,NA,NA,NA
Ameliée,ameliee-it,NA,NA,NA
Sara Siu,sarasiu,NA,NA,NA
Cassy,cassy,NA,NA,NA
Robert James,robertjames,NA,NA,NA
Frenchy,frenchy,NA,NA,NA
George Smeddles,georgesmeddles,NA,NA,NA
GW Harrison,gwharrison,NA,NA,NA
Will Taylor,willtaylor,NA,NA,NA
Vectorvision,vectorvision-us,NA,NA,NA
Patrick Topping,patricktopping,NA,NA,NA
Acid Mondays,acidmondays,NA,NA,NA
Alex Virgo,alexvirgo,NA,NA,NA
Daniel Avery,danielavery,NA,NA,NA
Mind Against,mindagainst,NA,NA,NA
Eagles & Butterflies,eaglesbutterflies,NA,NA,NA
Henning Baer,henningbaer,NA,NA,NA
Farrago,farrago,NA,NA,NA
Sy Sez,sysez,NA,NA,NA
Booker T,bookert,NA,NA,NA
Mark Radford,markradford,NA,NA,NA
Sef Kombo,sefkombo,NA,NA,NA
Lipton,lipton,NA,NA,NA
MC Creed,mccreed,NA,NA,NA
Jon Hopkins,jonhopkins,NA,NA,NA
Nathan Fake,nathanfake,NA,NA,NA
HAAi,haai,NA,NA,NA
DJ Nobu,djnobu,NA,NA,NA
Marco Shuttle,marcoshuttle,NA,NA,NA
The 2 Bears,the2bears,NA,NA,NA
Terry Vietheer,terryvietheer,NA,NA,NA
Mike Dehnert,mikedehnert,NA,NA,NA
Om Unit,omunit,NA,NA,NA
Fearful,fearful,NA,NA,NA
Marcelo Tag,marcelotag,NA,NA,NA
Luca Rosa,lucarosa,NA,NA,NA
Andrea Dave,andreadave,NA,NA,NA
Zucchi,zucchi,NA,NA,NA
Dasha Rush,dasharush,NA,NA,NA
AnD,and,NA,NA,NA
ATTENTION DEFICIT DISORDER,attentiondeficitdisorder,NA,NA,NA
Byron The Aquarius,byrontheaquarius,NA,NA,NA
Jamie 3:26,jamie326,NA,NA,NA
Danny Langan,dannylangan,NA,NA,NA
MC Conrad,mcconrad,NA,NA,NA
Christian Smith,christiansmith,NA,NA,NA
Broken English Club,brokenenglishclub,NA,NA,NA
I Hate Models,ihatemodels,NA,NA,NA
Green Velvet,greenvelvet,NA,NA,NA
Melé,mele,NA,NA,NA
Doorly,doorly,NA,NA,NA
Griff,griff,NA,NA,NA
Charlie Rope,charlierope,NA,NA,NA
Low Steppa,lowsteppa-uk,NA,NA,NA
Kinnerman,kinnerman,NA,NA,NA
Cristian Viviano,cristianviviano,NA,NA,NA
Eder Alvarez,ederalvarez,NA,NA,NA
Louis Costa,louiscosta-uk,NA,NA,NA
Kollektiv Turmstrasse,kollektivturmstrasse,NA,NA,NA
Lehar,lehar,NA,NA,NA
Fossil Archive,fossilarchive,NA,NA,NA
STERAC,sterac,NA,NA,NA
Roman Lindau,romanlindau,NA,NA,NA
Roberto,robertouk,NA,NA,NA
Bad Company UK,badcompany,NA,NA,NA
The Prototypes,theprototypes,NA,NA,NA
Malux,malux,NA,NA,NA
Glitch City,glitchcity,NA,NA,NA
Hybrid Theory,hybridtheory,NA,NA,NA
Max Vaahs,maxvaahs,NA,NA,NA
Jack Ling,jackling,NA,NA,NA
Jayar,jayar,NA,NA,NA
Luke Slater,lukeslater,NA,NA,NA
Veronica Vasicka,veronicavasicka,NA,NA,NA
Arapu,arapu,NA,NA,NA
Kirilik,kirilik,NA,NA,NA
Jeroen Search,jeroensearch,NA,NA,NA
Benga,benga,NA,NA,NA
Benton,benton,NA,NA,NA
The Menendez Brothers,themenendezbrothers,NA,NA,NA
Just William,justwilliam,NA,NA,NA
Hecha,hecha,NA,NA,NA
OK Williams,okwilliams,NA,NA,NA
Novelist,novelist,NA,NA,NA
Jamakabi,jamakabi,NA,NA,NA
Grandmixxer,grandmixxer,NA,NA,NA
Sukh Knight,sukhknight-uk,NA,NA,NA
Carly Wilford,carlywilford,NA,NA,NA
J Distant,jdistant,NA,NA,NA
Hazel Marimba,hazelmarimba,NA,NA,NA
Oxia,oxia,NA,NA,NA
Ben Sims,bensims,NA,NA,NA
Kirk Degiorgio,kirkdegiorgio,NA,NA,NA
Cadans,cadans,NA,NA,NA
Alienata,alienata,NA,NA,NA
Housekeeping,housekeeping-uk,NA,NA,NA
Manu Gonzalez,manugonzalez,NA,NA,NA
Eli & Fur,elifur,NA,NA,NA
Yaya,yaya,NA,NA,NA
Dennis Christopher,dennischristopher,NA,NA,NA
Crazy P,crazypenis,NA,NA,NA
RAW SILK,rawsilk,NA,NA,NA
Mr. Scruff,mrscruff,NA,NA,NA
Ge-ology,ge-ology,NA,NA,NA
Waajeed,waajeed,NA,NA,NA
Krywald & Farrer,krywaldfarrer-uk,NA,NA,NA
Moritz von Oswald,moritzvonoswald,NA,NA,NA
Efdemin,efdemin,NA,NA,NA
Tape Fear,tapefear,NA,NA,NA
Jenny Cheng,jennycheng,NA,NA,NA
MC Skibadee,mcskibadee,NA,NA,NA
DJ Gemini,djgemini,NA,NA,NA
SOPHIE,sophie,NA,NA,NA
Dub Phizix,dubphizix,NA,NA,NA
Kove,kove,NA,NA,NA
Headhunter,headhunter,NA,NA,NA
Pinch,pinch,NA,NA,NA
Mystic State,mysticstate,NA,NA,NA
Hainesy,hainesy,NA,NA,NA
Wade,wade-es,NA,NA,NA
Prosumer,prosumer,NA,NA,NA
Mike Servito,mikeservito,NA,NA,NA
Gideön,gideon-uk,NA,NA,NA
Maurice Fulton,mauricefulton,NA,NA,NA
Jazzie B Obe,jazziebobe,NA,NA,NA
Dego,dego,NA,NA,NA
Red Greg,redgreg,NA,NA,NA
HOSH,hosh,NA,NA,NA
Wehbba,wehbba,NA,NA,NA
Scott Kemp,scottkemp,NA,NA,NA
Kobosil,kobosil,NA,NA,NA
Monki,monki,NA,NA,NA
Louie Vega,louievega,NA,NA,NA
Marquis Hawkes,marquishawkes,NA,NA,NA
ALBUQUERQUE,ricardoalbuquerque,NA,NA,NA
Carl Craig,carlcraig,NA,NA,NA
Bambounou,bambounou,NA,NA,NA
Jasper James,jasperjames,NA,NA,NA
Donna Leake,donnaleake,NA,NA,NA
Priku,priku,NA,NA,NA
Nero,nero,NA,NA,NA
Squarewave,squarewave,NA,NA,NA
Fourward,fourward,NA,NA,NA
Scar Duggy,scarduggy,NA,NA,NA
Ancient Methods,ancientmethods,NA,NA,NA
Derrick Carter,derrickcarter,NA,NA,NA
Tom Trago,tomtrago,NA,NA,NA
Folamour,folamour,NA,NA,NA
Jess Bays,jessbays,NA,NA,NA
Just Jacob,justjacob,NA,NA,NA
Kerry Wallace,kerrywallace,NA,NA,NA
GABBY,gabby,NA,NA,NA
Jake Hough,jakehough,NA,NA,NA
Stephane Ghenacia,stephaneghenacia,NA,NA,NA
Coops,coops,NA,NA,NA
Onoe Caponoe,onoecaponoe,NA,NA,NA
Phatworld,phatworld,NA,NA,NA
Killjoy,killjoy,NA,NA,NA
Leda Stray,ledastray,NA,NA,NA
APP,app,NA,NA,NA
Mestivan,mestivan,NA,NA,NA
Mauro Ferno,mauroferno,NA,NA,NA
Maybe Laura,maybelaura,NA,NA,NA
Osunlade,osunlade,NA,NA,NA
Culoe De Song,culoedesong,NA,NA,NA
Joey Anderson,joeyanderson,NA,NA,NA
Atjazz,atjazz,NA,NA,NA
Yousef,yousef,NA,NA,NA
Matador,matador,NA,NA,NA
Mr. Jones,mrjones,NA,NA,NA
Frankee,frankee,NA,NA,NA
Lazare Hoche,lazarehoche,NA,NA,NA
Leroy Roberts,leroyroberts,NA,NA,NA
Adam Shelton,adamshelton,NA,NA,NA
Subb-an,subb-an,NA,NA,NA
Ceri,ceri,NA,NA,NA
Drumcell,drumcell,NA,NA,NA
CASisDEAD,casisdead,NA,NA,NA
Jus Now,jusnow,NA,NA,NA
Gully,gully,NA,NA,NA
Need For Mirrors,needformirrors,NA,NA,NA
Davide Squillace,davidesquillace,NA,NA,NA
Max Chapman,maxchapman,NA,NA,NA
Leftwing & Kody,kodyleftwing,NA,NA,NA
Georgie Marshall,georgiemarshall,NA,NA,NA
Georgia Girl,georgiagirl,NA,NA,NA
Ryan Crosson,ryancrosson,NA,NA,NA
Nicole Moudaber,nicolemoudaber,NA,NA,NA
Totally Enormous Extinct Dinosaurs,totallyenormousextinctdinosaurs,NA,NA,NA
Heidi,heidi,NA,NA,NA
Hugo Massien,hugomassien,NA,NA,NA
Andrew Hill,andrewhill,NA,NA,NA
Swoose,swoose,NA,NA,NA
Monika Ross,monikaross,NA,NA,NA
Sami Dilla,samidilla,NA,NA,NA
Mr. G,mr.g,NA,NA,NA
Phase Fatale,phasefatale,NA,NA,NA
Santé,sante,NA,NA,NA
Andrew Kay,andrewkay-uk,NA,NA,NA
The Mole,themole,NA,NA,NA
Asquith,asquith,NA,NA,NA
Elliot Adamson,elliotadamson,NA,NA,NA
Big Miz,bigmiz,NA,NA,NA
Brame & Hamo,bramehamo,NA,NA,NA
Jmcee,jmcee,NA,NA,NA
Lucca Tan,luccatan,NA,NA,NA
Patrice Bäumel,patricebaumel,NA,NA,NA
Badin Brothers,badinbrothers,NA,NA,NA
Marcello Miele,marcellomiele,NA,NA,NA
William Noble,williamnoble,NA,NA,NA
Tim Andresen,timandresen,NA,NA,NA
Voicedrone,voicedrone,NA,NA,NA
Schatrax,schatrax,NA,NA,NA
D Double E,ddoublee,NA,NA,NA
Commix,commix,NA,NA,NA
Stamina MC,staminamc,NA,NA,NA
Carlos Ryan,carlosryan-uk,NA,NA,NA
Matt Tolfrey,matttolfrey,NA,NA,NA
Nyra,nyra,NA,NA,NA
Bobby Pleasure,bobbypleasure,NA,NA,NA
Adam Curtain,adamcurtain,NA,NA,NA
Pepperpot,pepperpot,NA,NA,NA
Ninetoes,ninetoes,NA,NA,NA
Luna City Express,lunacityexpress,NA,NA,NA
Carly Foxx,carlyfoxx-uk,NA,NA,NA
Stonez,stonez,NA,NA,NA
Dub Healy,dubhealy,NA,NA,NA
Liam Waller,liamwaller,NA,NA,NA
Kevin de Vries,kevindevries,NA,NA,NA
Kaiju,kaiju,NA,NA,NA
Lenzman,lenzman,NA,NA,NA
100hz,100hz,NA,NA,NA
Pierre Codarin,pierrecodarin,NA,NA,NA
Rülen,rulen-fr,NA,NA,NA
Mohia,mohia,NA,NA,NA
Modeselektor,modeselektor,NA,NA,NA
Lory D,loryd,NA,NA,NA
Skee Mask,skeemask,NA,NA,NA
Solid Blake,solidblake,NA,NA,NA
Amine Edge & DANCE,amineedgedance,NA,NA,NA
Mat.Joe,mat.joe,NA,NA,NA
Billy Kenny,billykenny,NA,NA,NA
Weiss,weiss,NA,NA,NA
Maximono,maximono,NA,NA,NA
Frazer Campbell,frazercampbell,NA,NA,NA
Âme,ame,NA,NA,NA
Trikk,trikk,NA,NA,NA
Len Faki,lenfaki,NA,NA,NA
Dense & Pika,densepika,NA,NA,NA
Guv,guv,NA,NA,NA
Voltage,voltage,NA,NA,NA
Vlad Arapasu,vladarapasu,NA,NA,NA
Lamine,lamine,NA,NA,NA
Steve Bug,stevebug,NA,NA,NA
Josh Wink,joshwink,NA,NA,NA
Deetron,deetron,NA,NA,NA
Stray Beast,straybeast,NA,NA,NA
SG Lewis,sglewis,NA,NA,NA
Jacky (UK),jacky-uk,NA,NA,NA
Funster,funster,NA,NA,NA
Wookie,wookiedj,NA,NA,NA
Wayward,wayward,NA,NA,NA
Ellen Allien,ellenallien,NA,NA,NA
Bjarki,bjarki,NA,NA,NA
Tijana T,tijanat,NA,NA,NA
Blackhall & Bookless,blackhallbookless,NA,NA,NA
Potential Badboy,potentialbadboy,NA,NA,NA
Remarc,remarc,NA,NA,NA
The Ragga Twins,theraggatwins,NA,NA,NA
Hatcha,hatcha,NA,NA,NA
DJ Zinc,djzinc,NA,NA,NA
Cause & Affect,causeaffect,NA,NA,NA
Blazey Bodynod,blazeybodynod,NA,NA,NA
Rick Maia,rickmaia,NA,NA,NA
Frank Storm,frankstorm,NA,NA,NA
Vera,vera,NA,NA,NA
Amir Javasoul,amirjavasoul,NA,NA,NA
Powell,powell,NA,NA,NA
London Modular,londonmodular,NA,NA,NA
Art Department,artdepartment,NA,NA,NA
Martin Buttrich,martinbuttrich,NA,NA,NA
Guti,guti,NA,NA,NA
Clive Henry,clivehenry,NA,NA,NA
Nitin,nitin,NA,NA,NA
Francesco Poggi,francescopoggi,NA,NA,NA
Paul Johnson,pauljohnson,NA,NA,NA
Dimension,dimension,NA,NA,NA
TC,tc,NA,NA,NA
Turno,turno,NA,NA,NA
1991 (UK),1991uk,NA,NA,NA
Keeno,keeno,NA,NA,NA
Whiney,whiney,NA,NA,NA
Unglued,unglued,NA,NA,NA
Lakeway,lakeway,NA,NA,NA
Ruthless,ruthless,NA,NA,NA
Tempza,tempza,NA,NA,NA
Calyx,calyx,NA,NA,NA
Teebee,teebee,NA,NA,NA
Tristan da Cunha,tristandacunha,NA,NA,NA
Silent Servant,silentservant,NA,NA,NA
The Hacker,thehacker,NA,NA,NA
Sven Väth,svenvath,NA,NA,NA
Tim Green,tg,NA,NA,NA
Martyné,martyne,NA,NA,NA
André Galluzzi,andregalluzzi,NA,NA,NA
Giuseppe Cennamo,giuseppecennamo,NA,NA,NA
Elvio Iannitti,elvioiannitti,NA,NA,NA
Reset Robot,resetrobot,NA,NA,NA
Camo & Krooked,camokrooked,NA,NA,NA
Mefjus,mefjus,NA,NA,NA
Circuits,circuits,NA,NA,NA
Xtrah,xtrah,NA,NA,NA
Daxta,daxta,NA,NA,NA
AD (UK),ad-uk,NA,NA,NA
Varhat,varhat-fr,NA,NA,NA
Janeret,janeret,NA,NA,NA
Bruno Curtis,brunocurtis,NA,NA,NA
Palms Trax,palmstrax,NA,NA,NA
Suzanne Kraft,suzannekraft,NA,NA,NA
Hyenah,hyenah,NA,NA,NA
JazzCool,jazzcool,NA,NA,NA
Marco Faraone,marcofaraone,NA,NA,NA
Edu Imbernon,eduimbernon,NA,NA,NA
Bontan,bontan,NA,NA,NA
Cosmjn,cosmjn,NA,NA,NA
Redlight,redlight,NA,NA,NA
Toddla T,toddlat,NA,NA,NA
Steel Banglez,steelbanglez,NA,NA,NA
Cardinal Sound,cardinalsound,NA,NA,NA
Sly One,slyone,NA,NA,NA
Kasra,kasra,NA,NA,NA
Sustance,sustance,NA,NA,NA
Georgio Oniani,georgiooniani,NA,NA,NA
Premiesku,premiesku,NA,NA,NA
Sammy Dee,sammydee,NA,NA,NA
Shaf Huse,shafhuse,NA,NA,NA
Franz Costa,franzcosta,NA,NA,NA
Mall Grab,mallgrab,NA,NA,NA
JP Enfant,jeanpierreenfant,NA,NA,NA
FJAAK,fjaak,NA,NA,NA
Thomas Hessler,thomashessler,NA,NA,NA
S.P.Y,s.p.y,NA,NA,NA
Logistics,logistics,NA,NA,NA
Nu:Tone,nutone,NA,NA,NA
Krakota,krakota,NA,NA,NA
Dynamite MC,dynamitemc,NA,NA,NA
Fracture,fracture,NA,NA,NA
Lewis James,lewisjames,NA,NA,NA
Sully,sully,NA,NA,NA
Distance,distance,NA,NA,NA
DJ Vibes,djvibes,NA,NA,NA
Kimyan Law,kimyanlaw,NA,NA,NA
Chelina Manuhutu,chelinamanuhutu,NA,NA,NA
Gabriel Ananda,gabrielananda,NA,NA,NA
Guy J,guyj,NA,NA,NA
Julian Jeweil,julianjeweil,NA,NA,NA
Marc Romboy,marcromboy,NA,NA,NA
Dixon,dixon,NA,NA,NA
Second Storey,secondstorey,NA,NA,NA
Ugandan Methods,ugandanmethods,NA,NA,NA
Alex Arnout,alexarnout,NA,NA,NA
Ryan O Gorman,ryanogorman,NA,NA,NA
Ion Ludwig,ionludwig,NA,NA,NA
Holy Goof,holygoof,NA,NA,NA
Mike Skinner,mikeskinner,NA,NA,NA
Conducta,conducta,NA,NA,NA
Fineart,fineart,NA,NA,NA
Tom Shorterz,tomshorterz,NA,NA,NA
Villem & McLeod,villemmcleod,NA,NA,NA
Mutated Forms,mutatedforms,NA,NA,NA
Andre King,andreking,NA,NA,NA
Sputnick,sputnick,NA,NA,NA
Chrissy Hope,chrissyhope,NA,NA,NA
Helena Hauff,helenahauff,NA,NA,NA
Umfang,umfang,NA,NA,NA
Michael Mayer,michaelmayer,NA,NA,NA
Theo Kottis,theokottis,NA,NA,NA
Dixon Avenue Basement Jams,dixonavenuebasementjams,NA,NA,NA
Jichael Mackson,jichaelmackson,NA,NA,NA
Andras Toth,andrastoth,NA,NA,NA
Evil B vs B Live,evilbvsblive,NA,NA,NA
Consouls,consouls,NA,NA,NA
Jakes,jakes,NA,NA,NA
Andy Butler,andrewbutler,NA,NA,NA
Jonas Kopp,jonaskopp,NA,NA,NA
Fabio,fabio,NA,NA,NA
TS2W,ts2w,NA,NA,NA
MC Texas,mctexas,NA,NA,NA
Sam Binga,sambinga,NA,NA,NA
Rider Shafique,ridershafique,NA,NA,NA
Cesare vs Disorder,cesarevsdisorder,NA,NA,NA
Gabriel Amaru,gabrielamaru,NA,NA,NA
Zenker Brothers,zenkerbrothers,NA,NA,NA
CamelPhat,camelphat,NA,NA,NA
Detlef,detlef,NA,NA,NA
East End Dubs,eastenddubs,NA,NA,NA
Ross McCormack,rossmccormack,NA,NA,NA
Bodyjack,bodyjack,NA,NA,NA
Endian,endian,NA,NA,NA
Lo Shea,loshea,NA,NA,NA
Oli Furness,olifurness,NA,NA,NA
CJ Jeff,cjjeff,NA,NA,NA
Rancido,rancido,NA,NA,NA
DJ Marky,djmarky,NA,NA,NA
Kings of the Rollers,kingsoftherollers,NA,NA,NA
Future Cut,futurecut,NA,NA,NA
GQ,gq,NA,NA,NA
P Money,pmoney,NA,NA,NA
Royal-T,royal-t,NA,NA,NA
Slimzee,slimzee,NA,NA,NA
Grima & Azza,grimaazza,NA,NA,NA
Star.One,star.one-uk,NA,NA,NA
Filthy Gears,filthygears,NA,NA,NA
Kade,kade,NA,NA,NA
Amorf,amorf,NA,NA,NA
Cristi Cons,cristicons,NA,NA,NA
Vlad Caia,vladcaia,NA,NA,NA
Mischa Blanos,mischablanos,NA,NA,NA
Tony Humphries,tonyhumphries,NA,NA,NA
DJ Spen,djspen,NA,NA,NA
Paul Woolford,paulwoolford,NA,NA,NA
Andrea Oliva,andreaoliva,NA,NA,NA
Darius Syrossian,dariussyrossian,NA,NA,NA
Pirate Copy,piratecopy,NA,NA,NA
Pete Zorba,petezorba,NA,NA,NA
Latmun,Latmun,NA,NA,NA
Calvin Clarke,calvinclarke,NA,NA,NA
Miffy & Miller,miffymiller,NA,NA,NA
Samuel Deep,samueldeep,NA,NA,NA
Julian Alexander,julianalexander,NA,NA,NA
Gabriel Torres,gabrieltorres,NA,NA,NA
Boddika,boddika,NA,NA,NA
Redshape,redshape,NA,NA,NA
DJ Q,djq,NA,NA,NA
Murlo,murlo,NA,NA,NA
Champion,champion,NA,NA,NA
Elijah & Skilliam,elijahandskilliam,NA,NA,NA
Mina,mina,NA,NA,NA
Bru C,bruc,NA,NA,NA
Serious,serious,NA,NA,NA
Heist,heist,NA,NA,NA
Jack Francis,jackfrancis,NA,NA,NA
Jay Forster,jayforster,NA,NA,NA
Markus Sommer,markussommer,NA,NA,NA
DMX Krew,dmxkrew,NA,NA,NA
Everything In Between,everythinginbetween,NA,NA,NA
Skream,skream,NA,NA,NA
&ME,me,NA,NA,NA
Greg Venezia,gregvenezia,NA,NA,NA
Kincaid,kincaid,NA,NA,NA
Berny,berny,NA,NA,NA
TopCat,topcat,NA,NA,NA
Aries,aries,NA,NA,NA
Jacky Murda,jackymurda,NA,NA,NA
Demolition Man,demolitionman,NA,NA,NA
Phaction,phaction,NA,NA,NA
Dragos Ungureanu,dragosungureanu,NA,NA,NA
DJ Deep,djdeep,NA,NA,NA
Citizenn,citizenn,NA,NA,NA
Mihigh,mihigh,NA,NA,NA
Pied Piper,piedpiper,NA,NA,NA
MC Kie,mckie,NA,NA,NA
MC PSG,mcpsg,NA,NA,NA
Flavio Folco,flaviofolco,NA,NA,NA
Alex Under,alexunder,NA,NA,NA
Anthony Linell,anthonylinell,NA,NA,NA
Abdulla Rashim,abdullarashim,NA,NA,NA
Butch,butch,NA,NA,NA
Timo Maas,timomaas,NA,NA,NA
Dorian Paic,dorianpaic,NA,NA,NA
JK Flesh,jkflesh,NA,NA,NA
Becka Diamond,beckadiamond,NA,NA,NA
Body & Soul,bodyandsoul,NA,NA,NA
Danny Krivit,dannykrivit,NA,NA,NA
Joe Claussell,joeclaussell,NA,NA,NA
Alex Cliché,alexcliche,NA,NA,NA
Anthony Rother,anthonyrother,NA,NA,NA
Oscar Mulero,oscarmulero,NA,NA,NA
ANNA,djanna,NA,NA,NA
PBR Streetgang,pbrstreetgang,NA,NA,NA
Man Power,manpower,NA,NA,NA
Amy Alford,amyalford,NA,NA,NA
Kode9,kode9,NA,NA,NA
Ikonika,ikonika,NA,NA,NA
Konx-om-Pax,konx-om-pax,NA,NA,NA
Dan Farserelli,danfarserelli,NA,NA,NA
Rhymos,rhymos,NA,NA,NA
Planetary Assault Systems,planetaryassaultsystems,NA,NA,NA
Julia Govor,juliagovor,NA,NA,NA
Ivy Lab,ivylab,NA,NA,NA
Enei,enei,NA,NA,NA
Foreign Concept,foreignconcept,NA,NA,NA
Hyroglifics,hyroglifics,NA,NA,NA
Sinjin Hawke,sinjinhawke,NA,NA,NA
Anz,anz,NA,NA,NA
Zip,zip,NA,NA,NA
Magic Mountain High,magicmountainhigh,NA,NA,NA
Fumiya Tanaka,fumiyatanaka,NA,NA,NA
Andrew James Gustav,andrewjamesgustav,NA,NA,NA
Henry Saiz,henrysaiz,NA,NA,NA
Ejeca,ejeca,NA,NA,NA
Joel Mull,joelmull,NA,NA,NA
Gerd Janson,gerdjanson,NA,NA,NA
Matthew Styles,matthewstyles,NA,NA,NA
Henrik Schwarz,henrikschwarz,NA,NA,NA
Radio Slave,radioslave,NA,NA,NA
Hybrid Minds,hybridminds,NA,NA,NA
Thierry,thierry,NA,NA,NA
Solardo,solardo,NA,NA,NA
Denney,denney,NA,NA,NA
Ksenia Kamikaza,kseniakamikaza,NA,NA,NA
Roman Flügel,romanflugel,NA,NA,NA
Thomas Melchior,thomasmelchior,NA,NA,NA
Ghost Culture,ghostculture,NA,NA,NA
Pendulum,pendulum,NA,NA,NA
Skeptical,skeptical,NA,NA,NA
Vromm,vromm,NA,NA,NA
Normski,normski,NA,NA,NA
Sandrien,sandrien,NA,NA,NA
Richy Ahmed,richyahmed,NA,NA,NA
Jansons,jansons-uk,NA,NA,NA
Hector,hector,NA,NA,NA
Chad Andrew,chadandrew,NA,NA,NA
David Gtronic,davidgtronic,NA,NA,NA
Randall M,randallm,NA,NA,NA
Booka Shade,bookashade,NA,NA,NA
Klose One,kloseone,NA,NA,NA
Doc Daneeka,docdaneeka,NA,NA,NA
Chaz Beazli,chazbeazli,NA,NA,NA
Treatment,treatment,NA,NA,NA
Onur Özer,onurozer,NA,NA,NA
Colin Chiddle,colinchiddle,NA,NA,NA
Purple Velvet,purplevelvet,NA,NA,NA
Tash LC,tash-lc,NA,NA,NA
Big Narstie,bignarstie,NA,NA,NA
Ricky C,rickyc,NA,NA,NA
Dusky,dusky,NA,NA,NA
Bwana,bwana,NA,NA,NA
Tama Sumo,tamasumo,NA,NA,NA
Karenn,karenn,NA,NA,NA
Ben Rau,benrau,NA,NA,NA
Marcus Worgull,marcusworgull,NA,NA,NA
Steffen Deux,steffendeux,NA,NA,NA
Maksy,maksy,NA,NA,NA
Antony Difrancesco,antonydifrancesco,NA,NA,NA
Anthony Campbell,anthonycampbell,NA,NA,NA
Patrice Baumel,patricebaumel,NA,NA,NA
Julie Marghilano,juliemarghilano,NA,NA,NA
Mano Le Tough,manoletough,NA,NA,NA
Hunter/Game,huntergame,NA,NA,NA
Phil Kieran,philkieran,NA,NA,NA
Dubfire,dubfire,NA,NA,NA
Massai,massai,NA,NA,NA
Josh Rawl,joshrawl,NA,NA,NA
Jesse Rose,jesserose,NA,NA,NA
Lucy,lucy,NA,NA,NA
Billy Turner,billyturner,NA,NA,NA
Nadia Rose,nadiarose,NA,NA,NA
MJ Cole,mjcole,NA,NA,NA
Darkzy,darkzy,NA,NA,NA
Cyantific,cyantific,NA,NA,NA
Varon V,varonv,NA,NA,NA
O/V/R,ovr,NA,NA,NA
James Ruskin,jamesruskin,NA,NA,NA
James Zabiela,jameszabiela,NA,NA,NA
Dark Sky,darksky,NA,NA,NA
Onofrio Brescia,on-off,NA,NA,NA
Tarawar,tarawar,NA,NA,NA
Interstellar Funk,interstellarfunk,NA,NA,NA
Zed Bias,zedbias,NA,NA,NA
Mr Virgo,mrvirgo,NA,NA,NA
USSY,ussy,NA,NA,NA
Kult Q,kultq,NA,NA,NA
Nori,nori,NA,NA,NA
Red Axes,redaxes,NA,NA,NA
Lady Starlight,ladystarlight,NA,NA,NA
Alexis Raphael,alexisraphael,NA,NA,NA
Malin Genie,malingenie,NA,NA,NA
Amber Shells,ambershells,NA,NA,NA
Loxy,loxy,NA,NA,NA
Manu Lito,manulito,NA,NA,NA
Catz N Dogz,catzndogz,NA,NA,NA
Mark Ernestus,markernestus,NA,NA,NA
Ross From Friends,rossfromfriends-uk,NA,NA,NA
Matt Weir,mattweir,NA,NA,NA
William Djoko,williamkouamdjoko,NA,NA,NA
Thugfucker,thugfucker,NA,NA,NA
Flava D,flavad,NA,NA,NA
Dirtyphonics,dirtyphonics,NA,NA,NA
DJ W!ld,djwild,NA,NA,NA
Romans,romans,NA,NA,NA
Tin Man,tinman,NA,NA,NA
Gunnar Haslam,gunnarhaslam,NA,NA,NA
General Levy,generallevy,NA,NA,NA
Ittetsu,ittetsu,NA,NA,NA
Roska,roska,NA,NA,NA
Pioneer,pioneer,NA,NA,NA
Murder He Wrote,murderhewrote,NA,NA,NA
Distro,distro,NA,NA,NA
DJ Polo,djpolo,NA,NA,NA
Serocee,serocee,NA,NA,NA
Ricardo Albuquerque,ricardoalbuquerque,NA,NA,NA
E.Wan,ewan-uk,NA,NA,NA
Point G,pointg,NA,NA,NA
Jnr Windross,jnrwindross,NA,NA,NA
Jullian Gomes,julliangomes,NA,NA,NA
Dennis Christensen,dennischristensen,NA,NA,NA
Joy Orbison,joyorbison,NA,NA,NA
Fold,fold,NA,NA,NA
Delta Heavy,deltaheavy,NA,NA,NA
Preditah,preditah,NA,NA,NA
Bassboy,bassboy,NA,NA,NA
S.A.M.,samuelandremadsen,NA,NA,NA
Head High,headhigh,NA,NA,NA
Virginia,virginia,NA,NA,NA
Dexter,dexter,NA,NA,NA
Icarus,icarus,NA,NA,NA
Actress,actress,NA,NA,NA
Lil Silva,lilsilva,NA,NA,NA
Nan Kolè,nankole,NA,NA,NA
Mafia Boyz,mafiaboyz,NA,NA,NA
Josey Rebelle,joseyrebelle,NA,NA,NA
SIT Amphia,sitamphia,NA,NA,NA
Psyk,psyk,NA,NA,NA
DJ SLY,djsly-it,NA,NA,NA
Sepp,sepp,NA,NA,NA
Krankbrother,krankbrother,NA,NA,NA
Max Cooper,maxcooper,NA,NA,NA
Benjamin Damage,benjamindamage,NA,NA,NA
FaltyDL,faltydl,NA,NA,NA
Heartthrob,heartthrob,NA,NA,NA
Afriqua,afriqua,NA,NA,NA
Polarize,polarize,NA,NA,NA
Scuba,scuba,NA,NA,NA
Or:la,orla,NA,NA,NA
Skudge,skudge,NA,NA,NA
High Contrast,highcontrast,NA,NA,NA
Jaydrop,jaydrop,NA,NA,NA
Klax,klax,NA,NA,NA
Solah,solah,NA,NA,NA
And.re,andre-ch,NA,NA,NA
SuCré SaLé,sucresale,NA,NA,NA
Peter Van Hoesen,petervanhoesen,NA,NA,NA
B. Traits,btraits,NA,NA,NA
Agents Of Time,agentsoftime,NA,NA,NA
Nic Fanciulli,nicfanciulli,NA,NA,NA
Lewis Boardman,lewisboardman,NA,NA,NA
Ki Creighton,kicreighton,NA,NA,NA
Jackmaster,jackmaster,NA,NA,NA
Paul Ritch,paulritch,NA,NA,NA
Netsky,netsky,NA,NA,NA
Loadstar,loadstar,NA,NA,NA
Notion,notion,NA,NA,NA
Skepsis,skepsis,NA,NA,NA
[email protected],zap,NA,NA,NA
Yotam Avni,yotamavni,NA,NA,NA
2ManyDJs,2manydjs,NA,NA,NA
Fort Romeau,fortromeau,NA,NA,NA
Jonny Rock,jonnyrock,NA,NA,NA
Kate Simko,katesimko,NA,NA,NA
Jesse Calosso,jessecalosso,NA,NA,NA
Soul Clap,soulclap,NA,NA,NA
Scott Grooves,scottgrooves,NA,NA,NA
No Regular Play,noregularplay,NA,NA,NA
Egyptian Lover,egyptianlover,NA,NA,NA
Derek Plaslaiko,derekplaslaiko,NA,NA,NA
Maduk,maduk,NA,NA,NA
Lokane,lokane,NA,NA,NA
TSVI,tsvi,NA,NA,NA
Wallwork,wallwork,NA,NA,NA
Underground Resistance,undergroundresistance,NA,NA,NA
Mark Flash,markflash,NA,NA,NA
Octave One,octaveone,NA,NA,NA
Convextion,convextion,NA,NA,NA
Tessela,tessela,NA,NA,NA
B12,b12,NA,NA,NA
Steve Rachmad,steverachmad,NA,NA,NA
Volte-Face,volte-face,NA,NA,NA
Demdike Stare,demdikestare,NA,NA,NA
DJ Herr,djherr,NA,NA,NA
caLLy,cally,NA,NA,NA
Austen/Scott,austenscott,NA,NA,NA
Boxia,boxia,NA,NA,NA
Sub Focus,subfocus,NA,NA,NA
Beneath,beneath,NA,NA,NA
Bok Bok,bokbok,NA,NA,NA
Kode 9,kode9,NA,NA,NA
Air Max '97,airmax97,NA,NA,NA
AJ Tracey,ajtracey,NA,NA,NA
Total Freedom,totalfreedom,NA,NA,NA
Scratcha DVA,scratchadva,NA,NA,NA
George FitzGerald,georgefitzgerald,NA,NA,NA
Ralph Lawson,ralphlawson,NA,NA,NA
Tobias.,tobiasfreund,NA,NA,NA
Jon Hester,jonhester,NA,NA,NA
Francesco Boffa,francescoboffa,NA,NA,NA
Maelstrom,maelstrom,NA,NA,NA
Thomas Roland,thomasroland,NA,NA,NA
Kid Chriss,kidchriss,NA,NA,NA
Felix Dickinson,felixdickinson,NA,NA,NA
Boycott,boycott,NA,NA,NA
Rowlanz,rowlanz,NA,NA,NA
Nick Anthony Simoncino,nickanthonysimoncino,NA,NA,NA
Autarkic,autarkic,NA,NA,NA
CW/A,cwa,NA,NA,NA
Chris Stanford,chrisstanford,NA,NA,NA
Ben Pearce,benpearce,NA,NA,NA
Stenny,stenny,NA,NA,NA
DjRUM,djrum,NA,NA,NA
Madam X,madamx,NA,NA,NA
Barely Royal,barelyroyal,NA,NA,NA
N-Type,ntype,NA,NA,NA
Franky Greiner,frankygreiner,NA,NA,NA
Kassem Mosse,kassemmosse,NA,NA,NA
Resom,resom,NA,NA,NA
North Lake,northlake,NA,NA,NA
Joseph Williams,josephwilliams,NA,NA,NA
Stacey Pullen,staceypullen,NA,NA,NA
My Nu Leng,mynuleng,NA,NA,NA
New York Transit Authority,newyorktransitauthority,NA,NA,NA
Pete Graham,petegraham,NA,NA,NA
Blocks,blocks,NA,NA,NA
Deadbeat,deadbeat,NA,NA,NA
Loco Dice,locodice,NA,NA,NA
Neil Landstrumm,neillandstrumm,NA,NA,NA
Inland,inland,NA,NA,NA
Will Saul,willsaul,NA,NA,NA
Martyn,martyn,NA,NA,NA
Youandewan,youandewan,NA,NA,NA
Ivan Smagghe,ivansmagghe,NA,NA,NA
Danny Daze,dannydaze,NA,NA,NA
Dan Beaumont,danbeaumont,NA,NA,NA
Jameson,jameson-uk,NA,NA,NA
Kenneth Christiansen,kennethchristiansen,NA,NA,NA
Plastician,plastician,NA,NA,NA
Lena Willikens,lenawillikens,NA,NA,NA
Anthony Naples,anthonynaples,NA,NA,NA
Amy Becker,amybecker,NA,NA,NA
Jetsss,jetsss,NA,NA,NA
Ahadadream,ahadadream,NA,NA,NA
Chak Besh,chakbesh,NA,NA,NA
Cab Drivers,cabdrivers,NA,NA,NA
Jack Wickham,jackwickham,NA,NA,NA
Delta Funktionen,deltafunktionen,NA,NA,NA
Conforce,conforce,NA,NA,NA
ASOK,asok,NA,NA,NA
Freddy K,freddyk,NA,NA,NA
Recondite,recondite,NA,NA,NA
Vril,vril,NA,NA,NA
Hannah Wants,hannahwants,NA,NA,NA
Mak & Pasteman,makpasteman,NA,NA,NA
Vincent Lemieux,vincentlemieux,NA,NA,NA
Mensah,mensah,NA,NA,NA
Sian,sian,NA,NA,NA
Nina Kraviz,ninakraviz,NA,NA,NA
Frank & Tony,frankandtony,NA,NA,NA
Oskar Offermann,oskaroffermann,NA,NA,NA
Optiv,optiv,NA,NA,NA
BTK,btk,NA,NA,NA
MachineCode,machinecode,NA,NA,NA
Disprove,disprove,NA,NA,NA
Ryme Tyme,rymetyme,NA,NA,NA
Stephen Brown,stephenbrown,NA,NA,NA
Oxide,oxide,NA,NA,NA
Martinez Brothers,themartinezbros,NA,NA,NA
Phil Moffa,philmoffa,NA,NA,NA
Tiefschwarz,tiefschwarz,NA,NA,NA
Locked Groove,lockedgroove,NA,NA,NA
CYRK,cyrk-de,NA,NA,NA
Sierra Sam,sierra_sam,NA,NA,NA
Pascal Hetzel,pascalhetzel,NA,NA,NA
Patrick Grooves,patrickgrooves,NA,NA,NA
Tyke,tyke,NA,NA,NA
Echonomist,echonomist,NA,NA,NA
Youngsta,youngsta,NA,NA,NA
Nomine,nomine,NA,NA,NA
Stekke,stekke,NA,NA,NA
Marco Petrazzi,marcopetrazzi,NA,NA,NA
Shall Ocin,shallocin,NA,NA,NA
Ms. Dynamite,ms.dynamite,NA,NA,NA
Marc Houle,marchoule,NA,NA,NA
Pär Grindvik,pargrindvik,NA,NA,NA
DJ Stolen,djstolen,NA,NA,NA
Giovanni Verrina,giovanniverrina,NA,NA,NA
Germano Ventura,germanoventura,NA,NA,NA
Howl Ensemble,howlensemble,NA,NA,NA
Shaun Reeves,shaunreeves,NA,NA,NA
Lee Curtiss,leecurtiss,NA,NA,NA
Skirt,skirt,NA,NA,NA
Truss,truss,NA,NA,NA
Predah,predah,NA,NA,NA
Omar Akhrif,omarakhrif,NA,NA,NA
Move D,moved,NA,NA,NA
Justin Martin,justinmartin,NA,NA,NA
Dubsons,dubsons,NA,NA,NA
Calibre,calibre,NA,NA,NA
Tendai,tendai,NA,NA,NA
Oris,oris,NA,NA,NA
Mr C,mrc,NA,NA,NA
Jay Haze,jayhaze,NA,NA,NA
Jay Tripwire,jaytripwire,NA,NA,NA
Noel Jackson,noeljackson,NA,NA,NA
Stripes,stripes,NA,NA,NA
Mystry,mystry,NA,NA,NA
Niff,niff,NA,NA,NA
Damian Lazarus,damianlazarus,NA,NA,NA
Serge Devant,sergedevant,NA,NA,NA
Magit Cacoon,magitcacoon,NA,NA,NA
Crissy Cris,crissycriss,NA,NA,NA
Talker,talker-us,NA,NA,NA
Gentleman's Dub Club,gentlemansdubclub,NA,NA,NA
Gorgon Sound,gorgonsound,NA,NA,NA
Prince Fatty,princefatty,NA,NA,NA
Jack Swift,jackswift,NA,NA,NA
Mar-T,mar-t,NA,NA,NA
Koven,koven,NA,NA,NA
BMotion,bmotion,NA,NA,NA
Neonlight,neonlight,NA,NA,NA
Tim Parker,timparker,NA,NA,NA
UNiiQU3,uniiqu3,NA,NA,NA
OH91,oh91,NA,NA,NA
Tarquin,tarquin,NA,NA,NA
Stimming,stimming,NA,NA,NA
Robag Wruhme,robagwruhme,NA,NA,NA
Koko Bayern,kokobayern,NA,NA,NA
Steve O'Sullivan,steveosullivan,NA,NA,NA
Cesar Merveille,cesarmerveille,NA,NA,NA
Daylomar,daylomar,NA,NA,NA
D'lex,dlex,NA,NA,NA
Woz,woz,NA,NA,NA
Troy Gunner,troygunner,NA,NA,NA
Charlie Tee,charlietee,NA,NA,NA
Bromley,bromley,NA,NA,NA
Campbell Irvine,campbellirvine,NA,NA,NA
Post Scriptum,postscriptum,NA,NA,NA
Gantz,gantz,NA,NA,NA
Darq E Freaker,darqefreaker,NA,NA,NA
JD. Reid,jdreid,NA,NA,NA
Glacci,glacci,NA,NA,NA
Brett Jacobs,brettjacobs,NA,NA,NA
Voices From The Lake,voicesfromthelake,NA,NA,NA
Lee Gamble,leegamble,NA,NA,NA
Chris Lorenzo,chrislorenzo,NA,NA,NA
Feed Me,feedme,NA,NA,NA
KOAN Sound,koansound,NA,NA,NA
KDA,kda,NA,NA,NA
Dellux,dellux,NA,NA,NA
Carl Cox,carlcox,NA,NA,NA
Jon Rundell,jonrundell,NA,NA,NA
Samuel Bellis,samuelbellis,NA,NA,NA
Stuart Hawkins,stuarthawkins,NA,NA,NA
Saytek,saytek,NA,NA,NA
Mark Gwinnett,markgwinnett,NA,NA,NA
Deanoloco,deanoloco,NA,NA,NA
Paul Neary,paulneary,NA,NA,NA
The Bug,thebug,NA,NA,NA
Riko Dan,rikodan,NA,NA,NA
Miss Red,missred-de,NA,NA,NA
Loefah,loefah,NA,NA,NA
Phaeleh,phaeleh,NA,NA,NA
Dissonance,dissonance,NA,NA,NA
Intact,intact,NA,NA,NA
Jesse James,jessejames,NA,NA,NA
Johnny Bloomfield,johnnybloomfield,NA,NA,NA
SoulMuch,soulmuch,NA,NA,NA
Audion,audion,NA,NA,NA
Robert Hood,roberthood,NA,NA,NA
Esteban Adame,estebanadame,NA,NA,NA
House of Black Lanterns,houseofblacklanterns,NA,NA,NA
Mikal,mikal,NA,NA,NA
Hi5ghost,hi5ghost,NA,NA,NA
Boofy,boofy,NA,NA,NA
Red Eye,redeye,NA,NA,NA
Charlie Dave Kent,charliedavekent,NA,NA,NA
Daniel Mitchell,danielmitchell,NA,NA,NA
Laura Jones,laurajones,NA,NA,NA
jozif,jozif,NA,NA,NA
Harvard Bass,harvardbass,NA,NA,NA
DJ Cable,djcable,NA,NA,NA
Tradesman,tradesman,NA,NA,NA
Italoboyz,italoboyz,NA,NA,NA
Blind Minded,blindminded,NA,NA,NA
Milton Bradley,miltonbradley,NA,NA,NA
Joe Ford,joeford,NA,NA,NA
Terror Danjah,terrordanjah,NA,NA,NA
Jordan Peak,jordanpeak,NA,NA,NA
Alex Celler,alexceller,NA,NA,NA
J:Kenzo,jkenzo,NA,NA,NA
Stephan Bodzin,stephanbodzin,NA,NA,NA
Luca Pilato,lukapilato,NA,NA,NA
Jordan McKinlay,jordanmckinlay,NA,NA,NA
Robert Dietz,robertdietz,NA,NA,NA
Livio & Roby,livioroby,NA,NA,NA
Julian Perez,julianperez,NA,NA,NA
Davy,davy,NA,NA,NA
Remy Allocco,remyallocco-uk,NA,NA,NA
Richie Hawtin,richiehawtin,NA,NA,NA
Hito,hito,NA,NA,NA
Cari Lekebusch,carilekebusch,NA,NA,NA
Marcus Intalex,marcusintalex,NA,NA,NA
Gardens Of God,gardensofgod,NA,NA,NA
Architectural,architectural,NA,NA,NA
Rebolledo,rebolledo,NA,NA,NA
12th Planet,12thplanet,NA,NA,NA
Yamen & EDA,yameneda,NA,NA,NA
Digital Mystikz,digitalmystikz,NA,NA,NA
Ishan Sound,ishansound,NA,NA,NA
Levelz,levelz,NA,NA,NA
Kahn,kahn,NA,NA,NA
Giles Smith,gilessmith,NA,NA,NA
Mr G,mr.g,NA,NA,NA
Jack Beats,jackbeats,NA,NA,NA
GotSome,gotsome-uk,NA,NA,NA
The Golden Boy,thegoldenboy,NA,NA,NA
Octad,octad,NA,NA,NA
Eyesmoon,eyesmoon,NA,NA,NA
Frederic Robinson,fredericrobinson,NA,NA,NA
October,october,NA,NA,NA
Noisia,noisia,NA,NA,NA
Rockwell,rockwell,NA,NA,NA
Rob Data,robdata,NA,NA,NA
Skynet,skynet,NA,NA,NA
Stray,stray,NA,NA,NA
Posij,posij,NA,NA,NA
Mumdance,mumdance,NA,NA,NA
Acre,Acre,NA,NA,NA
Ipman,ipman-uk,NA,NA,NA
Robin Ordell,robinordell,NA,NA,NA
Breach,breach,NA,NA,NA
Cedric Maison,cedricmaison,NA,NA,NA
Junior Sanchez,juniorsanchez,NA,NA,NA
Oliver Dollar,oliverdollar,NA,NA,NA
Christian Nielsen,christiannielsen,NA,NA,NA
Adnan Sharif,adnansharif,NA,NA,NA
Daze Maxim,dazemaxim,NA,NA,NA
CEZAR,CEZAR,NA,NA,NA
Ayarcana,ayarcana,NA,NA,NA
Chase & Status,chasestatus,NA,NA,NA
Frisco,frisco,NA,NA,NA
Bonkaz,bonkaz,NA,NA,NA
MANT,mant,NA,NA,NA
Ossie,ossie,NA,NA,NA
Braxton,braxton,NA,NA,NA
Catchment,catchment,NA,NA,NA
Bruno Schmidt,brunoschmidt,NA,NA,NA
Hyrogifics,hyrogifics,NA,NA,NA
Lemzly Dale,lemzlydale,NA,NA,NA
Elf Kid,elfkid,NA,NA,NA
Peter Glasspool,peterglasspool,NA,NA,NA
Mark Broom,markbroom,NA,NA,NA
Makaton,makaton,NA,NA,NA
Hucci,hucci,NA,NA,NA
Memtrix,memtrix,NA,NA,NA
Digital Farm Animals,digitalfarmanimals,NA,NA,NA
Matrix,matrix,NA,NA,NA
DC Breaks,dcbreaks,NA,NA,NA
Mosca,mosca,NA,NA,NA
Tania Vulcano,taniavulcano,NA,NA,NA
Masomenos,masomenos,NA,NA,NA
Ashley Arrez,ashleyarrez,NA,NA,NA
Break,break,NA,NA,NA
Ernie,ernie,NA,NA,NA
Jason Glanville,jasonglanville,NA,NA,NA
Fábel,fabel,NA,NA,NA
Fer BR,ferbr,NA,NA,NA
Reidy,reidy,NA,NA,NA
Floorplan,floorplan,NA,NA,NA
Andy C,andyc,NA,NA,NA
MistaJam,mistajam,NA,NA,NA
Tonn Piper,tonnpiper,NA,NA,NA
Shy FX,shyfx,NA,NA,NA
Donae'o,donaeo,NA,NA,NA
Marcus Visionary,marcusvisionary,NA,NA,NA
Copy Paste Soul,copypastesoul,NA,NA,NA
Liam Bailey,liambailey,NA,NA,NA
Kyle Hall,kylehall,NA,NA,NA
Terrence Parker,terrenceparker,NA,NA,NA
Luke Hess,lukehess,NA,NA,NA
Shut Up and Dance,shutupanddance,NA,NA,NA
Gareth Wild,garethwild,NA,NA,NA
Daniel Bell,danielbell,NA,NA,NA
Guilhem Monin,guilhemmonin,NA,NA,NA
No Artificial Colours,noartificialcolours,NA,NA,NA
Luke Solomon,lukesolomon,NA,NA,NA
Brett Johnson,brettjohnson,NA,NA,NA
Caleb Calloway,calebcalloway,NA,NA,NA
In Aeternam Vale,inaeternamvale,NA,NA,NA
Timothy J. Fairplay,timothyj.fairplay,NA,NA,NA
Scott Fraser,scottfraser,NA,NA,NA
Matt Walsh,mattwalsh,NA,NA,NA
Jus-Ed,jused,NA,NA,NA
Kerri Chandler,kerrichandler,NA,NA,NA
Jerome Sydenham,jeromesydenham,NA,NA,NA
Lorenzo Chiabotti,lorenzochiabotti,NA,NA,NA
Tevo Howard,tevohoward,NA,NA,NA
Sam Russo,samrusso,NA,NA,NA
Another Amit,anotheramit,NA,NA,NA
Mike Dunn,mikedunn,NA,NA,NA
Nick Monaco,nickmonaco,NA,NA,NA
San Proper,sanproper,NA,NA,NA
Roy Davis Jr,roydavisjr,NA,NA,NA
South London Ordnance,southlondonordnance,NA,NA,NA
Kalyde,kalyde,NA,NA,NA
BMB Spacekid,bmbspacekid,NA,NA,NA
Ekkohaus,ekkohaus,NA,NA,NA
Klady,klady,NA,NA,NA
Exos,exos,NA,NA,NA
Wiley,wiley,NA,NA,NA
Finn McCorry,finnmccorry,NA,NA,NA
EPROM,eprom,NA,NA,NA
Sisterhood,sisterhood,NA,NA,NA
Hesseltime,hesseltime,NA,NA,NA
Pepe Bradock,pepebradock,NA,NA,NA
Spencer,spencer,NA,NA,NA
Tiger & Woods,tigerwoods,NA,NA,NA
Illum Sphere,illumsphere,NA,NA,NA
Jon K,jonk,NA,NA,NA
Geddes,geddes,NA,NA,NA
Zoo Look,zoolook,NA,NA,NA
Juju & Jordash,jujujordash,NA,NA,NA
Lauer,lauer,NA,NA,NA
Mark Jenkyns,markjenkyns,NA,NA,NA
Golesworthy,golesworthy,NA,NA,NA
Felon,felon,NA,NA,NA
Dom & Roland,domroland,NA,NA,NA
Scott Palmer,scottpalmer,NA,NA,NA
Anestie Gomez,anestiegomez,NA,NA,NA
Joe Morley,joemorley,NA,NA,NA
William Kouam Djoko,williamkouamdjoko,NA,NA,NA
Ed Davenport,eddavenport,NA,NA,NA
iO,io,NA,NA,NA
Birdsmakingmachine,birdsmakingmachine,NA,NA,NA
Burnski,burnski,NA,NA,NA
Albion forever,albionforever,NA,NA,NA
T.Williams,t.williams,NA,NA,NA
Moxie,moxie,NA,NA,NA
Jimmy Edgar,jimmyedgar,NA,NA,NA
B.Traits,btraits,NA,NA,NA
Krysko,krysko,NA,NA,NA
Jody Barr,jodybarr,NA,NA,NA
Fabio Florido,fabioflorido,NA,NA,NA
Marc Faenger,marcfaenger,NA,NA,NA
Eduardo de la Calle,eduardodelacalle,NA,NA,NA
SOMNE,somne,NA,NA,NA
Goldie,goldie,NA,NA,NA
Tomoki Tamura,tomokitamura,NA,NA,NA
TEMMA-Teje,temma-teje,NA,NA,NA
Tom Demac,tomdemac,NA,NA,NA
Sebo K,sebok,NA,NA,NA
Six Blade,sixblade,NA,NA,NA
Document One,documentone,NA,NA,NA
dOP,dop,NA,NA,NA
Remi Mazet,remimazet,NA,NA,NA
Sam Bangura,sambangura,NA,NA,NA
Daniel (UK),danieluk,NA,NA,NA
H.E.R,h.e.r,NA,NA,NA
Kalvyn James,kalvynjames,NA,NA,NA
Barber,barber,NA,NA,NA
Ali Tillett,alitillett,NA,NA,NA
Ollie Seaman,ollieseaman,NA,NA,NA
Myles Mears,mylesmears,NA,NA,NA
Newham Generals,newhamgenerals,NA,NA,NA
Julian Bomm,julianbomm,NA,NA,NA
Clockwork,clockwork,NA,NA,NA
Awanto 3,awanto3,NA,NA,NA
Rob Cockerton,robcockerton,NA,NA,NA
Ivan Kutz,ivankutz,NA,NA,NA
Scott Rozario,scottrozario,NA,NA,NA
Rachel Lyn,rachellyn,NA,NA,NA
Mr Tophat,mr.tophat,NA,NA,NA
Art Alfie,artalfie,NA,NA,NA
Ron Morelli,ronmorelli,NA,NA,NA
Enzo Tedeschi,enzotedeschi,NA,NA,NA
Nick Bennett,nickbennett,NA,NA,NA
Fake Blood,fakeblood,NA,NA,NA
Djedjotronic,djedjotronic,NA,NA,NA
Mixhell,mixhell,NA,NA,NA
Dark Circles,darkcircles,NA,NA,NA
Lxury,lxury,NA,NA,NA
Applebottom,applebottom,NA,NA,NA
Jamma,jamma,NA,NA,NA
Rico Casazza,ricocasazza,NA,NA,NA
Visionquest,visionquest,NA,NA,NA
Iron Curtis,ironcurtis,NA,NA,NA
Eddie Leader,eddieleader,NA,NA,NA
Tomson,tomson,NA,NA,NA
Guillaume & The Coutu Dumonts,guillaume,NA,NA,NA
Ruff Sqwad,ruffsqwad,NA,NA,NA
Swindle (UK),swindle-uk,NA,NA,NA
Parris,parris,NA,NA,NA
State of Mind,stateofmind,NA,NA,NA
Maura,maura,NA,NA,NA
Brodanse,brodanse,NA,NA,NA
DJ EZ,djez,NA,NA,NA
Dorsia,dorsia,NA,NA,NA
Fred V & Grafix,fredvgrafix,NA,NA,NA
Mat Zo,matzo,NA,NA,NA
Cobblestone Jazz,cobblestonejazz,NA,NA,NA
Francis Harris,francisharris,NA,NA,NA
Anthony Collins,anthonycollins,NA,NA,NA
Bob Moses,bobmoses,NA,NA,NA
Mef,mef,NA,NA,NA
Maztek,maztek,NA,NA,NA
Renato Ratier,renatoratier,NA,NA,NA
Davis (BR),davis-br,NA,NA,NA
The Revenge,therevenge,NA,NA,NA
James Priestley,jamespriestley,NA,NA,NA
Mike Huckaby,mikehuckaby,NA,NA,NA
Patrice Scott,patricescott,NA,NA,NA
Death on the Balcony,deathonthebalcony,NA,NA,NA
Toni D,tonid,NA,NA,NA
FB Julian,fbjulian,NA,NA,NA
Jonny Dub,jonnydub,NA,NA,NA
Tobi Neumann,tobineumann,NA,NA,NA
Droog,droog,NA,NA,NA
Bambook,bambook,NA,NA,NA
Xo Chic,xochic,NA,NA,NA
Dance Spirit,dancespirit,NA,NA,NA
Steve Bicknell,stevebicknell,NA,NA,NA
J. Phlip,j.phlip,NA,NA,NA
Curses,curses,NA,NA,NA
Kenny Glasgow,kennyglasgow,NA,NA,NA
Entropy,entropy,NA,NA,NA
Maxxi Soundsystem,maxxisoundsystem,NA,NA,NA
Denis Sulta,denissulta,NA,NA,NA
Buraka Som Sistema,burakasomsistema,NA,NA,NA
BLM,blm,NA,NA,NA
Ethyl,ethyl,NA,NA,NA
Flori,flori,NA,NA,NA
Roger Gerressen,rogergerressen,NA,NA,NA
M.A.N.D.Y,mandy,NA,NA,NA
Max Albàn,maxalban,NA,NA,NA
Tim Ross,timross,NA,NA,NA
DJ Sneak,djsneak,NA,NA,NA
Gerd,gerd,NA,NA,NA
Jimpster,jimpster,NA,NA,NA
Manuel Tur,manueltur,NA,NA,NA
Matt Masters,mattmasters,NA,NA,NA
JME,jme-de,NA,NA,NA
Fonti,fonti,NA,NA,NA
Biome,biome,NA,NA,NA
Metrodome,metrodome,NA,NA,NA
Rich Reason,richreason,NA,NA,NA
Scarlett House,scarletthouse,NA,NA,NA
Portable,portable,NA,NA,NA
Oliver Hafenbauer,oliverhafenbauer,NA,NA,NA
Benedikt Frey,benediktfrey,NA,NA,NA
Greg Pidcock,gregpidcock,NA,NA,NA
Simian Mobile Disco,simianmobiledisco,NA,NA,NA
Luke Vibert,lukevibert,NA,NA,NA
Kuedo,kuedo,NA,NA,NA
Michael L Penman,michaellpenman,NA,NA,NA
Sonogama,sonogama,NA,NA,NA
Tourist,tourist,NA,NA,NA
Jon Sojo,jonsojo,NA,NA,NA
Benoit & Sergio,benoitsergio,NA,NA,NA
Norman Nodge,normannodge,NA,NA,NA
Inxec,inxec,NA,NA,NA
Mickey Pearce,mickeypearce,NA,NA,NA
TOYC,toyc,NA,NA,NA
OdD Music,oddmusic,NA,NA,NA
Gregor Tresher,gregortresher,NA,NA,NA
Beautiful Swimmers,beautifulswimmers,NA,NA,NA
Bachelors Of Science,bachelorsofscience,NA,NA,NA
Mathieu Mirande,mathieumirande,NA,NA,NA
Wildkats,wildkats,NA,NA,NA
Ashley Wild,ashleywild,NA,NA,NA
Cinnaman,cinnaman,NA,NA,NA
Jon Rust,jonrust,NA,NA,NA
Calyx & Teebee,calyxteebee-uk,NA,NA,NA
Hackman,hackman,NA,NA,NA
Lorca,lorca,NA,NA,NA
Cropper,cropper,NA,NA,NA
Hash Hendrex,hashhendrex,NA,NA,NA
Sven Tasnadi,sventasnadi,NA,NA,NA
Blackdown,blackdown,NA,NA,NA
Temple,temple,NA,NA,NA
David August,davidaugust,NA,NA,NA
D.E.S,d.e.s,NA,NA,NA
Dan Lively,danlively,NA,NA,NA
Culprate,culprate,NA,NA,NA
Maksim,maksim,NA,NA,NA
Carlo Lio,carlolio,NA,NA,NA
Monika Kruse,monikakruse,NA,NA,NA
Marco Bailey,marcobailey,NA,NA,NA
Harvey Mckay,harveymckay,NA,NA,NA
John Tejada,johntejada,NA,NA,NA
Shaun Soomro,shaunsoomro,NA,NA,NA
Delano Smith,delanosmith,NA,NA,NA
Yossi Amoyal,yossiamoyal,NA,NA,NA
Fierce,fierce,NA,NA,NA
Lone,lone,NA,NA,NA
Space Dimension Controller,spacedimensioncontroller,NA,NA,NA
Alex Smoke,alexsmoke,NA,NA,NA
Justin Drake,justindrake,NA,NA,NA
The Pushamann,thepushamann,NA,NA,NA
Martelo,martelo,NA,NA,NA
Tyree Cooper,tyreecooper,NA,NA,NA
Parris Mitchell,parrismitchell,NA,NA,NA
Bradley Zero,bradleyzero,NA,NA,NA
Charles Drakeford,charlestdrakeford,NA,NA,NA
Tasker,tasker,NA,NA,NA
Praslesh,praslesh,NA,NA,NA
Praslea,praslea,NA,NA,NA
Audio Werner,audiowerner,NA,NA,NA
Henry Krinkle,henrykrinkle,NA,NA,NA
Yasmin,yasmin,NA,NA,NA
Samu.l,samu.l,NA,NA,NA
System,system,NA,NA,NA
Pender Street Steppers,penderstreetsteppers,NA,NA,NA
Hashman Deejay,hashmandeejay,NA,NA,NA
Bake,bake,NA,NA,NA
Brian Not Brian,briannotbrian,NA,NA,NA
Rob Mello,robmello,NA,NA,NA
Rhys Samson,rhyssamson-uk,NA,NA,NA
Chris Maran,chrismaran,NA,NA,NA
Jay Shepheard,jayshepheard,NA,NA,NA
Jacques Renault,jacquesrenault,NA,NA,NA
Chromatics,chromatics,NA,NA,NA
Detroit Swindle,damswindle,NA,NA,NA
John Barera,johnbarera,NA,NA,NA
Will Martin,willmartin,NA,NA,NA
Tom Rio,tomrio,NA,NA,NA
Dan Wild,danwild,NA,NA,NA
Jaymo & Andy George,jaymoandygeorge,NA,NA,NA
Trancemicsoul,trancemicsoul,NA,NA,NA
Tayo,tayo,NA,NA,NA
Walker & Royce,walkerroyce,NA,NA,NA
Craig Duranti,craigduranti,NA,NA,NA
Glimpse,glimpse,NA,NA,NA
Nick Höppner,nickhoppner,NA,NA,NA
FunkinEven,funkineven,NA,NA,NA
K15,k15,NA,NA,NA
Tim Sweeney,timsweeney,NA,NA,NA
Machinedrum,machinedrum,NA,NA,NA
Kris Wadsworth,kriswadsworth,NA,NA,NA
Chambray,chambray,NA,NA,NA
Justin Robertson,justinrobertson,NA,NA,NA
Akufen,akufen,NA,NA,NA
Soul Capsule,soulcapsule,NA,NA,NA
Baby Ford,babyford,NA,NA,NA
Ferro,ferro,NA,NA,NA
Lee Pennington,leepennington,NA,NA,NA
Philip Stirzaker,philipstirzaker,NA,NA,NA
Milhouse,milhouse,NA,NA,NA
Leon Switch,leonswitch,NA,NA,NA
Tuccillo,tuccillo,NA,NA,NA
Moodymanc,moodymanc,NA,NA,NA
Banton,banton,NA,NA,NA
Kutmah,kutmah,NA,NA,NA
LHF,lhf,NA,NA,NA
Kenny Larkin,kennylarkin,NA,NA,NA
S.Moreira,smoreira,NA,NA,NA
Joe Riley,joeriley,NA,NA,NA
Steve Kurz,stevekurz,NA,NA,NA
Avatism,avatism,NA,NA,NA
Bart Skils,bartskils,NA,NA,NA
Paleman,paleman,NA,NA,NA
Evan Baggs,evanbaggs,NA,NA,NA
Faze Miyake,fazemiyake,NA,NA,NA
Stormzy,stormzy,NA,NA,NA
Dark0,dark0-uk,NA,NA,NA
Alex Coulton,alexcoulton,NA,NA,NA
Skepta,skepta,NA,NA,NA
Deadboy,deadboy,NA,NA,NA
Mark E,mark-e,NA,NA,NA
Mat Playford,matplayford,NA,NA,NA
Brassica,brassica,NA,NA,NA
Jovonn,jovonn,NA,NA,NA
Francois X,francoisx,NA,NA,NA
Sable Sheep,sablesheep,NA,NA,NA
Chroma,chroma,NA,NA,NA
Asadinho,asadinho,NA,NA,NA
Tom Gillieron,tomgillieron-uk,NA,NA,NA
Paul Soul,paulsoul,NA,NA,NA
Shackleton,shackleton,NA,NA,NA
Leif,leif,NA,NA,NA
Blue Hour,bluehour,NA,NA,NA
Nick Craddock,nickcraddock,NA,NA,NA
Lyster,lyster,NA,NA,NA
Russ Yallop,russyallop,NA,NA,NA
Simon Baker,simonbaker,NA,NA,NA
A Guy Called Gerald,aguycalledgerald,NA,NA,NA
Antonio De Angelis,antoniodeangelis,NA,NA,NA
Luciano Esse,lucianoesse,NA,NA,NA
DJ Qu,djqu,NA,NA,NA
Black Coffee,blackcoffee,NA,NA,NA
Wbeeza,wbeeza,NA,NA,NA
Alexander Nut,alexandernut,NA,NA,NA
Nick Maleedy,nickmaleedy,NA,NA,NA
Tony Loi,tonyloi,NA,NA,NA
Xosar,xosar,NA,NA,NA
Barnt,barnt,NA,NA,NA
Asusu,asusu,NA,NA,NA
Boys Noize,boysnoize,NA,NA,NA
Untold,untold,NA,NA,NA
Jackson & His Computer Band,jacksonandhiscomputerband,NA,NA,NA
JTC,jtc,NA,NA,NA
Guillaume and The Coutu Dumonts,guillaume,NA,NA,NA
Alex Jones,alexjones,NA,NA,NA
Justin Harris,justinharris,NA,NA,NA
Owen Howells,owenhowells,NA,NA,NA
Wolf + Lamb,wolflamb,NA,NA,NA
PillowTalk,pillowtalk,NA,NA,NA
Anek,anek,NA,NA,NA
Shenoda,shenoda,NA,NA,NA
Artifact,artifactuk,NA,NA,NA
DJ Harvey,djharvey,NA,NA,NA
Eric Volta,ericvolta,NA,NA,NA
Brohn,brohn,NA,NA,NA
Total Fitness,totalfitness,NA,NA,NA
Oliver $,oliverdollar,NA,NA,NA
Klangkarussell,klangkarussell,NA,NA,NA
ZDS,zombiediscosquad,NA,NA,NA
Wilfred Giroux,wilfredgiroux-uk,NA,NA,NA
Bugz in the Attic,bugzintheattic,NA,NA,NA
Isherwood,isherwood,NA,NA,NA
Jan Krüger,jankrueger,NA,NA,NA
Phuture,phuture,NA,NA,NA
Thomas Urv,thomasurv,NA,NA,NA
Bruno Pronsato,brunopronsato,NA,NA,NA
Just Be,justbe,NA,NA,NA
Bushwacka,bushwacka,NA,NA,NA
Dachshund,dachshund,NA,NA,NA
Lisa Maffia,lisamaffia,NA,NA,NA
Richie Dan,richiedan,NA,NA,NA
Visionist,visionist,NA,NA,NA
A. G. Cook,agcook,NA,NA,NA
Palmistry,palmistry,NA,NA,NA
Neana,neana,NA,NA,NA
Ill Blu,illblu,NA,NA,NA
Funkystepz,funkystepz,NA,NA,NA
Duky,duky,NA,NA,NA
Byetone,byetone,NA,NA,NA
Lauhaus,lauhaus,NA,NA,NA
Nightmares on Wax,nightmaresonwax,NA,NA,NA
Paul SG,paulsg,NA,NA,NA
ItaloJohnson,italojohnson,NA,NA,NA
Make Me,makeme,NA,NA,NA
Rupes,rupes,NA,NA,NA
Nic Baird,nicbaird,NA,NA,NA
Losoul,losoul,NA,NA,NA
Ste Roberts,steroberts,NA,NA,NA
Tikiman,tikiman,NA,NA,NA
Lauren Lane,laurenlane,NA,NA,NA
Factory Floor,factoryfloor,NA,NA,NA
Dopplereffekt,dopplereffekt,NA,NA,NA
Consequence,consequence,NA,NA,NA
Vakula,vakula,NA,NA,NA
Harri & Domenic,harri-domenic,NA,NA,NA
Neville Watson,nevillewatson,NA,NA,NA
WHYT NOYZ,whytnoyz,NA,NA,NA
Adesse Versions,adesseversions,NA,NA,NA
Simon Morell,simonmorell,NA,NA,NA
Corbi,corbi,NA,NA,NA
Blond:ish,blondish,NA,NA,NA
Madteo,madteo,NA,NA,NA
Marcos Cabral,marcoscabral,NA,NA,NA
Tomas Kr,tomaskr,NA,NA,NA
Andrew Weatherall,andrewweatherall,NA,NA,NA
Jennifer Cardini,jennifercardini,NA,NA,NA
Andre Bratten,andrebratten,NA,NA,NA
DJ Craze,djcraze,NA,NA,NA
Rattus Rattus,rattusrattus,NA,NA,NA
The Jaydes,thejaydes,NA,NA,NA
Bloody Mary,bloodymary,NA,NA,NA
Attan,attan,NA,NA,NA
Arthur Barr,arthurbarr,NA,NA,NA
Mike Stockell,mikestockell,NA,NA,NA
A Made Up Sound,2562,NA,NA,NA
Phon.o,phon.o,NA,NA,NA
Matthew Herbert,matthewherbert,NA,NA,NA
Ital Tek,italtek,NA,NA,NA
Ital,ital,NA,NA,NA
Wouter de Moor,wouterdemoor,NA,NA,NA
Pedestrian,pedestrian,NA,NA,NA
Pig & Dan,pigndan,NA,NA,NA
Lawrence,lawrence,NA,NA,NA
John Roberts,johnroberts,NA,NA,NA
Trus'me,trusme,NA,NA,NA
Trevino,trevino,NA,NA,NA
Auntie Flo,auntieflo,NA,NA,NA
Esa,esa,NA,NA,NA
DrumTalk,drumtalk,NA,NA,NA
Vandera,vandera,NA,NA,NA
Minilogue,minilogue,NA,NA,NA
Federico Grazzini,federicograzzini,NA,NA,NA
The White Man & The Arab,thewhitemanthearab,NA,NA,NA
Peak & Swift,peakswift,NA,NA,NA
Sebastian Voigt,sebastianvoigt,NA,NA,NA
Cooly G,coolyg,NA,NA,NA
DJ Spinn,djspinn,NA,NA,NA
Laurel Halo,laurelhalo,NA,NA,NA
Okzharp,okzharp,NA,NA,NA
Fatima Al Qadiri,fatimaalqadiri,NA,NA,NA
Seven Davis Jr,sevendavisjr,NA,NA,NA
Franklin De Costa,franklindecosta,NA,NA,NA
Spooky,spooky,NA,NA,NA
Lynx,lynx,NA,NA,NA
Wen,wen,NA,NA,NA
E.m.m.a.,e.m.m.a.,NA,NA,NA
Tunnidge,tunnidge,NA,NA,NA
Mark XTC,markxtc,NA,NA,NA
Luca Lozano,lucalozano,NA,NA,NA
Patrick Specke,patrickspecke,NA,NA,NA
Clarian,clarian,NA,NA,NA
Jef K,jefk,NA,NA,NA
Basement Jaxx,basementjaxx,NA,NA,NA
Letherette,letherette,NA,NA,NA
Jaydan,jaydan,NA,NA,NA
T-Bone,t-bone,NA,NA,NA
Valentino Kanzyani,valentinokanzyani,NA,NA,NA
Mirko Loko,mirkoloko,NA,NA,NA
Mariano Mateljan,marianomateljan,NA,NA,NA
Baunz,baunz,NA,NA,NA
MGUN,mgun,NA,NA,NA
Evian Christ,evianchrist,NA,NA,NA
Brackles,brackles,NA,NA,NA
Jam City,jamcity,NA,NA,NA
MssingNo,mssingno,NA,NA,NA
Tone Of Arc,toneofarc,NA,NA,NA
Konrad Black,konradblack,NA,NA,NA
Al Bradley,albradley,NA,NA,NA
Pasteman,pasteman,NA,NA,NA
Troy Pierce,troypierce,NA,NA,NA
Rudimental,rudimental,NA,NA,NA
Éclair Fifi,eclairfifi,NA,NA,NA
Slackk,slackk,NA,NA,NA
Sudanim,sudanim,NA,NA,NA
Inkke,inkke,NA,NA,NA
Beaner,beaner,NA,NA,NA
Isolee,isolee,NA,NA,NA
Pior,pior,NA,NA,NA
Rudolf,rudolf,NA,NA,NA
Manuk,manuk,NA,NA,NA
Billon,billon,NA,NA,NA
Martinez,martinez,NA,NA,NA
John Heckle,johnheckle,NA,NA,NA
DJ TLR,djtlr,NA,NA,NA
Willie Burns,willieburns,NA,NA,NA
Joey Beltram,joeybeltram,NA,NA,NA
Artwork,artwork,NA,NA,NA
Grain,grain,NA,NA,NA
Benny Ill,bennyill,NA,NA,NA
Matthew Burton,matthewburton,NA,NA,NA
Alexandra,alexandra,NA,NA,NA
Gavin Herlihy,gavinherlihy,NA,NA,NA
Neil Parkes,neilparkes,NA,NA,NA
David Rodigan,davidrodigan,NA,NA,NA
Bella Sarris,bellasarris,NA,NA,NA
Henry St Social,henrystsocial,NA,NA,NA
Andy Stott,andystott,NA,NA,NA
Chris Farrell,chrisfarrell,NA,NA,NA
Shanti Celeste,shanticeleste,NA,NA,NA
The Kelly Twins,thekellytwins,NA,NA,NA
The Analogue Cops,theanaloguecops,NA,NA,NA
Cutline,cutline,NA,NA,NA
June Miller,junemiller,NA,NA,NA
Motor City Drum Ensemble,mcde,NA,NA,NA
Richard Rowell,richardrowell,NA,NA,NA
SCNTST,scntst,NA,NA,NA
The Heatwave,theheatwave,NA,NA,NA
Alex Niggemann,alexniggemann,NA,NA,NA
Debukas,debukas,NA,NA,NA
DJ T.,djt,NA,NA,NA
Chris Wood,chriswood,NA,NA,NA
Daniel Wilde,danielwilde,NA,NA,NA
Kristoffer,kristoffer,NA,NA,NA
JRocc,jrocc,NA,NA,NA
Fatima,fatima,NA,NA,NA
Akkord,akkord,NA,NA,NA
Paula Chalup,paulachalup,NA,NA,NA
David Scuba,davidscuba,NA,NA,NA
Wolf Music,wolfmusic,NA,NA,NA
KRL,krl,NA,NA,NA
Greymatter,greymatter,NA,NA,NA
Casino Times,casinotimes,NA,NA,NA
DJ Earl,djearl,NA,NA,NA
French Fries,frenchfries,NA,NA,NA
Aleqs Notal,aleqsnotal,NA,NA,NA
L-Vis 1990,l-vis1990,NA,NA,NA
Hysterics,hysterics,NA,NA,NA
NSDOS,nsdos,NA,NA,NA
Lopaski,lopaski,NA,NA,NA
Cottam,cottam,NA,NA,NA
Brinsley,brinsley,NA,NA,NA
Congorock,congorock,NA,NA,NA
Marcman,marcman,NA,NA,NA
Jack & I,jacki,NA,NA,NA
Waifs & Strays,waifsstrays,NA,NA,NA
Toby Tobias,tobytobias,NA,NA,NA
Mike Healey,mikehealey,NA,NA,NA
xxxy,xxxy,NA,NA,NA
Horse Meat Disco,horsemeatdisco,NA,NA,NA
Happa,happa,NA,NA,NA
TCTS,tcts,NA,NA,NA
Deniz Kurtel,denizkurtel,NA,NA,NA
DJ Sprinkles,djsprinkles,NA,NA,NA
DeadEcho,deadecho,NA,NA,NA
Stathis Lazarides,stathislazarides,NA,NA,NA
KiNK & Neville Watson,kinknevillewatson,NA,NA,NA
Linkwood,linkwood,NA,NA,NA
Anthony 'Shake' Shakir,anthonyshakir,NA,NA,NA
Fiedel,fiedel,NA,NA,NA
Frak,frak,NA,NA,NA
Joe,joe,NA,NA,NA
Mr Wood,mrwood,NA,NA,NA
Rowpieces,rowpieces,NA,NA,NA
Queenie,queenie,NA,NA,NA
Boxwork,boxwork,NA,NA,NA
Brandt Brauer Frick,brandtbrauerfrick,NA,NA,NA
Strip Steve,stripsteve,NA,NA,NA
I-F,i-f,NA,NA,NA
Bleak,bleak,NA,NA,NA
Kevin Griffiths,kevingriffiths,NA,NA,NA
Greco-Roman Soundsystem,greco-romansoundsystem,NA,NA,NA
Full Nelson,fullnelson,NA,NA,NA
Donato Dozzy,donatodozzy,NA,NA,NA
Morphosis,morphosis,NA,NA,NA
Axel Boman,axelboman,NA,NA,NA
Petter Nordkvist,petter,NA,NA,NA
Kornél Kovács,kornelkovacs,NA,NA,NA
DJ Spinna,djspinna,NA,NA,NA
Thris Tian,thristian,NA,NA,NA
Logos,logos,NA,NA,NA
Rabit,rabit,NA,NA,NA
Moleskin,moleskin,NA,NA,NA
A-Sides,asides,NA,NA,NA
Kryptic Minds,krypticminds,NA,NA,NA
Killawatt,killawatt,NA,NA,NA
Paul Mac,paulmac,NA,NA,NA
BRTSH KNIGHTS,brtshknights,NA,NA,NA
Leadbelly,leadbelly,NA,NA,NA
Werkha,werkha,NA,NA,NA
Sivey,sivey,NA,NA,NA
Trevor Jackson,trevorjackson,NA,NA,NA
Gorgon City,gorgoncity,NA,NA,NA
Coni,coni,NA,NA,NA
Smak Pony,smakpony,NA,NA,NA
DARKSIDE,darkside,NA,NA,NA
Nicolas Jaar,nicolasjaar,NA,NA,NA
Hrdvsion,hrdvsion,NA,NA,NA
Lord Of The Isles,lordoftheisles,NA,NA,NA
Anthea,anthea,NA,NA,NA
Soho,soho,NA,NA,NA
Bloom,bloom,NA,NA,NA
Mlle Caro,mademoisellecaro,NA,NA,NA
DBX,dbx,NA,NA,NA
Antal,antal,NA,NA,NA
Soul Intent,soulintent-uk,NA,NA,NA
Ken & Davy,kendavy,NA,NA,NA
Gaiser,gaiser,NA,NA,NA
Barem,barem,NA,NA,NA
Hobo,hobo,NA,NA,NA
Sound Pellegrino Thermal Team,soundpellegrinothermalteam,NA,NA,NA
A1 Bassline,a1bassline,NA,NA,NA
Drums Of Death,drumsofdeath,NA,NA,NA
Mia Dora,miadora,NA,NA,NA
Chaos In The CBD,chaosinthecbd,NA,NA,NA
Ben Martin,benmartin,NA,NA,NA
Kid AM,kidam,NA,NA,NA
Karma Kid,karmakid,NA,NA,NA
Squarehead,squarehead,NA,NA,NA
Soulphiction,soulphiction,NA,NA,NA
Cookie Monsta,cookiemonsta,NA,NA,NA
Soulz,soulz,NA,NA,NA
Shane Linehan,shanelinehan,NA,NA,NA
Alexi Delano,alexidelano,NA,NA,NA
Giom,giom,NA,NA,NA
Pete Dafeet,petedafeet,NA,NA,NA
Ben Clifford,benclifford,NA,NA,NA
DJ Rashad,djrashad,NA,NA,NA
Kidkanevil,kidkanevil,NA,NA,NA
Blue Daisy,bluedaisy,NA,NA,NA
submerse,submerse,NA,NA,NA
Desto,desto,NA,NA,NA
West Norwood Cassette Library,westnorwoodcassettelibrary,NA,NA,NA
Bambooman,bambooman,NA,NA,NA
Dinky,dinky,NA,NA,NA
Jacob Korn,jacobkorn,NA,NA,NA
d:alog,dalog,NA,NA,NA
Basic Soul Unit,basicsoulunit,NA,NA,NA
Norm Talley,normtalley,NA,NA,NA
S.P.Y.,s.p.y.,NA,NA,NA
ND Baumecker,nd_baumecker,NA,NA,NA
Silicone Soul,siliconesoul,NA,NA,NA
Klartraum,klartraum,NA,NA,NA
Of Norway,ofnorway,NA,NA,NA
Nadja Lind,nadjalind,NA,NA,NA
Ultrasone,ultrasone,NA,NA,NA
Walton,walton,NA,NA,NA
Scott Grant,scottgrant,NA,NA,NA
Chunky,chunky,NA,NA,NA
Ruffhouse,ruffhouse,NA,NA,NA
Tim Red,timred,NA,NA,NA
Saschienne,saschienne,NA,NA,NA
Pachanga Boys,pachangaboys,NA,NA,NA
Huntleys & Palmers,huntleyspalmers,NA,NA,NA
Jus Ed,jused,NA,NA,NA
Jenifa Mayanja,jenifamayanja,NA,NA,NA
The Black Dog,theblackdog,NA,NA,NA
Transit Mafia,transitmafia,NA,NA,NA
Luca Bacchetti,lucabacchetti,NA,NA,NA
Hold Youth,holdyouth,NA,NA,NA
Seuil,seuil,NA,NA,NA
Le Loup,leo,NA,NA,NA
Vadim Svoboda,vadimsvoboda,NA,NA,NA
DJ Shadow,djshadow,NA,NA,NA
Machine Drum,machinedrum,NA,NA,NA
Boxcutter,boxcutter,NA,NA,NA
Wesley Razzy,wesleyrazzy,NA,NA,NA
Carreno is LB,carrenoislb,NA,NA,NA
Javi Redondo,javiredondo,NA,NA,NA
Raymundo Rodriguez,raymundorodriguez,NA,NA,NA
Nadastrom,nadastrom,NA,NA,NA
Surkin,surkin,NA,NA,NA
Para One,paraone,NA,NA,NA
Riton,riton,NA,NA,NA
Bobmo,bobmo,NA,NA,NA
Joe Syntax,joesyntax,NA,NA,NA
Blu Mar Ten,blumarten,NA,NA,NA
Maher Daniel,maherdaniel,NA,NA,NA
Barker & Baumecker,barkerbaumecker,NA,NA,NA
Alley Cat,alleycat,NA,NA,NA
Irrelevant,irrelevant,NA,NA,NA
Lee Hume,leehume,NA,NA,NA
Futureboogie,futureboogie,NA,NA,NA
Altered Natives,alterednatives,NA,NA,NA
Azymuth,azymuth,NA,NA,NA
Gilles Peterson,gillespeterson,NA,NA,NA
Tanner Ross,tannerross,NA,NA,NA
Jared Wilson,jaredwilson,NA,NA,NA
Dr.Shingo,drshingo,NA,NA,NA
Kikiorix,kikiorix,NA,NA,NA
JJ Doom,jj-doom,NA,NA,NA
Mr Thing,mrthing,NA,NA,NA
Chris P Cuts,chrispcuts,NA,NA,NA
Gerry Read,gerryread,NA,NA,NA
Lewis Ryder,lewisryder,NA,NA,NA
Presha,presha,NA,NA,NA
Clarity,clarity,NA,NA,NA
Tobias Freund,tobiasfreund,NA,NA,NA
Makam,makam,NA,NA,NA
Vincenzo Perez,vincenzoperez,NA,NA,NA
Nicolas Son,nicolasson,NA,NA,NA
Danny Bayley,dannybayley,NA,NA,NA
Synkro,synkro,NA,NA,NA
Goth-Trad,gothtrad,NA,NA,NA
Dolan Bergin,dolanbergin,NA,NA,NA
MPIA3,mpia3,NA,NA,NA
Silver Team,silverteam,NA,NA,NA
Alex Murak,alexmurak,NA,NA,NA
Boy 8-Bit,boy8bit,NA,NA,NA
Attaque,attaque,NA,NA,NA
LeBreton,lebreton,NA,NA,NA
Darq E,darqefreaker,NA,NA,NA
Freaker,freaker,NA,NA,NA
Shox,shox,NA,NA,NA
Kevin McPhee,kevinmcphee,NA,NA,NA
Mr Beatnick,mrbeatnick,NA,NA,NA
Ben Martin,benmartinuk,NA,NA,NA
Marco Resmann,marcoresmann-de,NA,NA,NA
Canary Fontaine,canaryfontaine,NA,NA,NA
Zippy,zippy,NA,NA,NA
Tred Benedict,tredbenedict,NA,NA,NA
T. Williams,t.williams,NA,NA,NA
A Trak,atrak,NA,NA,NA
Just Blaze,justblaze,NA,NA,NA
Ata,ata,NA,NA,NA
System Of Survival,systemofsurvival,NA,NA,NA
LD50,ld50,NA,NA,NA
Sandwell District,sandwelldistrict,NA,NA,NA
Murat Tepeli,murattepeli,NA,NA,NA
Datsik,datsik,NA,NA,NA
E.m.m.a,e.m.m.a.,NA,NA,NA
Third Side,thirdside,NA,NA,NA
John Talabot,johntalabot,NA,NA,NA
The Secret Agency,thesecretagency,NA,NA,NA
Al Tourettes,altourettes,NA,NA,NA
Rhythmic Theory,rhythmictheory,NA,NA,NA
Federico Molinari,federicomolinari,NA,NA,NA
Christian Burkhardt,christianburkhardt,NA,NA,NA
H.O.S.H,hosh,NA,NA,NA
Wareika,wareika,NA,NA,NA
Girl Unit,girlunit,NA,NA,NA
Dominique Danielle,dominiquedanielle,NA,NA,NA
Kruse & Nuernberg,krusenuernberg,NA,NA,NA
Severino,severino,NA,NA,NA
Mark Pavitt,markpavitt,NA,NA,NA
Vicious Circle,viciouscircle,NA,NA,NA
Sven Weisemann,svenweisemann,NA,NA,NA
Psycatron,psycatron,NA,NA,NA
James Dean Brown,jamesdeanbrown,NA,NA,NA
Riz MC,rizmc,NA,NA,NA
Hanfry Martinez,hanfrymartinez,NA,NA,NA
Mark Henning,markhenning,NA,NA,NA
Francesco Tristano,francescotristano,NA,NA,NA
Rustie,rustie,NA,NA,NA
Araabmuzik,araabmuzik,NA,NA,NA
The Town,thetown,NA,NA,NA
Sneaker,sneaker,NA,NA,NA
Deft,deft,NA,NA,NA
BareSkin,bareskin,NA,NA,NA
Betoko,betoko,NA,NA,NA
Fred P,fredp,NA,NA,NA
Stu Clark,stuclark,NA,NA,NA
James Welsh,jameswelsh,NA,NA,NA
Box Mouse,boxmouse,NA,NA,NA
Chloé,chloe,NA,NA,NA
Lil' Louis,lil-louis,NA,NA,NA
Tigerskin,tigerskin,NA,NA,NA
Mark Ronson,markronson,NA,NA,NA
Proxy,proxy,NA,NA,NA
Thefft,thefft,NA,NA,NA
DJ Hell,hell,NA,NA,NA
Spencer Parker,spencerparker,NA,NA,NA
Staffan Linzatti,staffanlinzatti,NA,NA,NA
John Daly,johndaly,NA,NA,NA
Affie Yusuf,affieyusuf,NA,NA,NA
Funtcase,funtcase,NA,NA,NA
Nick Sinna,nicksinna,NA,NA,NA
Norm De Plume,normdeplume,NA,NA,NA
MMM,mmm,NA,NA,NA
Lando Kal,landokal,NA,NA,NA
Cupp Cave,cuppcave,NA,NA,NA
DJ Spooky,djspooky,NA,NA,NA
Miss Kittin,misskittin,NA,NA,NA
Palisade,palisade,NA,NA,NA
Braiden,braiden,NA,NA,NA
Funk Butcher,funkbutcher,NA,NA,NA
Vectra,vectra,NA,NA,NA
Karotte,karotte,NA,NA,NA
Callide,callide,NA,NA,NA
Loko,loko,NA,NA,NA
Mr Solid Gold,mrsolidgold,NA,NA,NA
Doc Martin,docmartin,NA,NA,NA
Fatboy Slim,fatboyslim,NA,NA,NA
Marc Roberts,marcroberts,NA,NA,NA
Infinity Ink,infinityink,NA,NA,NA
Matthew Dear,matthewdear,NA,NA,NA
MHM One,mhmone,NA,NA,NA
Mathias Mesteno,mathiasmesteño,NA,NA,NA
Swayzak,swayzak,NA,NA,NA
Octane,octane,NA,NA,NA
EBK,ebk,NA,NA,NA
Reso,reso,NA,NA,NA
Clean Bandit,cleanbandit,NA,NA,NA
Diego cK Family,diegockfamily,NA,NA,NA
Heiko MSO,heikomso,NA,NA,NA
Ctrls,ctrls,NA,NA,NA
Tomas More,tomasmore,NA,NA,NA
Thomas Muller,thomasmuller,NA,NA,NA
Danuel Tate,danueltate,NA,NA,NA
Virgo Four,virgofour,NA,NA,NA
Superpitcher,superpitcher,NA,NA,NA
Brennan Green,brennangreen,NA,NA,NA
Tiga,tiga,NA,NA,NA
Duke Dumont,dukedumont,NA,NA,NA
Gingy,gingy,NA,NA,NA
Bordello,bordello,NA,NA,NA
Sei A,seia,NA,NA,NA
Jon Convex,jonconvex,NA,NA,NA
Filthy Dukes,filthydukes,NA,NA,NA
Omara,omara,NA,NA,NA
Lookleft,lookleft,NA,NA,NA
Bearight,bearight,NA,NA,NA
Tyrant,tyrant,NA,NA,NA
Wincent Kunth,wincentkunth,NA,NA,NA
Omar S,omars,NA,NA,NA
Marcellus Pittman,marcelluspittman,NA,NA,NA
DJ Steaw,djsteaw,NA,NA,NA
Cosmic Kids,cosmickids,NA,NA,NA
Kozber,kozber,NA,NA,NA
Marco Carola,marcocarola,NA,NA,NA
Madato,madato,NA,NA,NA
Hostage,hostage,NA,NA,NA
Ranacat,ranacat,NA,NA,NA
Guido Schneider,guidoschneider,NA,NA,NA
DJ Flight,djflight,NA,NA,NA
LCD Soundsystem,lcdsoundsystem,NA,NA,NA
Felipe Venegas,felipevenegas,NA,NA,NA
ONNO,onno,NA,NA,NA
Adele Moss,adelemoss,NA,NA,NA
Boy 8 Bit,boy8bit,NA,NA,NA
Clouds,clouds,NA,NA,NA
Ego Troopers,egotroopers,NA,NA,NA
Riotous Rockers,riotousrockers,NA,NA,NA
Alvin C,alvinc,NA,NA,NA
Camea,camea,NA,NA,NA
Ambivalent,ambivalent,NA,NA,NA
Jan Krueger,jankrueger,NA,NA,NA
Melody Kane,melodykane,NA,NA,NA
Alexander Parade,alexanderparade,NA,NA,NA
Soundstream,soundstream,NA,NA,NA
LV,lv,NA,NA,NA
Traxman,traxman,NA,NA,NA
Kingdom,kingdom,NA,NA,NA
Nguzunguzu,nguzunguzu,NA,NA,NA
Vessel,vessel,NA,NA,NA
Szare,szare,NA,NA,NA
Outboxx,outboxx,NA,NA,NA
.DIA,dia,NA,NA,NA
Alex Picone,alexpicone,NA,NA,NA
Shortee Blitz,shorteeblitz,NA,NA,NA
Dj Mk,djmk,NA,NA,NA
Billy Allen,billyallen,NA,NA,NA
Ian Pooley,ianpooley,NA,NA,NA
Nisekay,nisekay,NA,NA,NA
Poussez,poussez,NA,NA,NA
Jafar,jafar,NA,NA,NA
Maxime Cescau,maximecescau,NA,NA,NA
Demarkus Lewis,demarkuslewis,NA,NA,NA
Dubshape,dubshape,NA,NA,NA
Lee Foss,leefoss,NA,NA,NA
Carsten Klemann,carstenklemann,NA,NA,NA
Michel Cleis,michelcleis,NA,NA,NA
Bill Brewster,billbrewster,NA,NA,NA
Ed Jones,edjones,NA,NA,NA
Tboy,tboy,NA,NA,NA
Reboot,reboot,NA,NA,NA
Taimur,taimur,NA,NA,NA
Starkey,starkey,NA,NA,NA
Chaim,chaim,NA,NA,NA
Mathias Kaden,mathiaskaden,NA,NA,NA
Mic Newman,micnewman,NA,NA,NA
Moodtrap,moodtrap,NA,NA,NA
Blokhe4d,blokhe4d,NA,NA,NA
Dollz at Play,dollzatplay,NA,NA,NA
2020 Soundsystem,2020soundsystem,NA,NA,NA
Jacques Lu Cont,jacqueslucont,NA,NA,NA
Miguel Campbell,miguelcampbell,NA,NA,NA
Seiji,seiji,NA,NA,NA
Foamo,foamo,NA,NA,NA
Samantha Blackburn,samanthablackburn,NA,NA,NA
Diverted,diverted,NA,NA,NA
Mike Parker,mikeparker,NA,NA,NA
H Foundation,hfoundation,NA,NA,NA
Hipp-e,hippe,NA,NA,NA
Halo,halo,NA,NA,NA
Nick Dare,nickdare,NA,NA,NA
Kindness,kindness,NA,NA,NA
Rory Phillips,roryphillips,NA,NA,NA
Kiwi,kiwi,NA,NA,NA
The Advent,theadvent,NA,NA,NA
Ross Caiden,rosscaiden,NA,NA,NA
Butane,butane,NA,NA,NA
Claude Von Stroke,claudevonstroke,NA,NA,NA
Sascha Braemer,saschabraemer,NA,NA,NA
Trentemøller,trentemoller,NA,NA,NA
Seldom Seen,seldomseen,NA,NA,NA
Gabbi Lopez,gabbilopez,NA,NA,NA
Bart B More,bartbmore,NA,NA,NA
Lerosa,lerosa,NA,NA,NA
Martin Dawson,martindawson,NA,NA,NA
Juan Atkins,juanatkins,NA,NA,NA
Blondes,blondes,NA,NA,NA
Distal,distal,NA,NA,NA
Two Inch Punch,twoinchpunch,NA,NA,NA
Jim-E Stack,jim-estack,NA,NA,NA
Thundercat,thundercat,NA,NA,NA
Slugabed,slugabed,NA,NA,NA
Offshore,offshore,NA,NA,NA
Re.You,re.you,NA,NA,NA
Rampa,rampa,NA,NA,NA
Meat,djmeat,NA,NA,NA
BNJMN,bnjmn,NA,NA,NA
Extrawelt,extrawelt,NA,NA,NA
Colin John,colinjohn,NA,NA,NA
Danny Benedettini,dannybenedettini,NA,NA,NA
Cristian Vogel,cristianvogel,NA,NA,NA
Electro Elvis,electroelvis,NA,NA,NA
Plaid,plaid,NA,NA,NA
Jerome Hill,jeromehill,NA,NA,NA
Juniper,juniper,NA,NA,NA
Busy P,busyp,NA,NA,NA
Brodinski,brodinski,NA,NA,NA
Picture House,picturehouse,NA,NA,NA
Ewan Pearson,ewanpearson,NA,NA,NA
Remain,remain,NA,NA,NA
Populette,populette,NA,NA,NA
James Friedman,jamesfriedman,NA,NA,NA
Brendon Moeller,brendonmoeller,NA,NA,NA
Nick Lawson,nicklawson,NA,NA,NA
Alejandro Paz,alejandropaz,NA,NA,NA
Natalie Coleman,nataliecoleman,NA,NA,NA
SIS,sis,NA,NA,NA
Gary Beck,garybeck,NA,NA,NA
Pezzner,pezzner,NA,NA,NA
Rhythm Plate,rhythmplate,NA,NA,NA
Spinline,spinline,NA,NA,NA
Larse,larse,NA,NA,NA
Marcelus,marcelus,NA,NA,NA
Alex Cliche,alexcliche,NA,NA,NA
Luca Ruf,lucaruf,NA,NA,NA
Amirali,amirali,NA,NA,NA
Marc Schneider,marcschneider,NA,NA,NA
Redinho,redinho,NA,NA,NA
Elijah and Skilliam,elijahandskilliam,NA,NA,NA
Faster,faster,NA,NA,NA
Francesca Lombardo,francescalombardo,NA,NA,NA
James Teej,jamesteej,NA,NA,NA
Varoslav,varoslav,NA,NA,NA
Ken Ishii,kenishii,NA,NA,NA
DJ 3000,dj3000,NA,NA,NA
Aril Brikha,arilbrikha,NA,NA,NA
Chris Finke,chrisfinke,NA,NA,NA
DJ Kaos,djkaos,NA,NA,NA
Neil Thornton,neilthornton,NA,NA,NA
Don Diablo,dondiablo,NA,NA,NA
Dj Naughty,djnaughty,NA,NA,NA
Abe Duque,abeduque,NA,NA,NA
Clement Meyer,clementmeyer,NA,NA,NA
Sabre,sabre,NA,NA,NA
Lapalux,lapalux,NA,NA,NA
Brawther,brawther,NA,NA,NA
Genius of Time,geniusoftime,NA,NA,NA
Yapacc,yapacc,NA,NA,NA
Footprintz,footprintz,NA,NA,NA
Botnek,botnek,NA,NA,NA
Tom Staar,tomstaar,NA,NA,NA
Monolake,monolake,NA,NA,NA
Maetrik,maetrik,NA,NA,NA
Yakine,yakine,NA,NA,NA
James What,jameswhat,NA,NA,NA
Sepalcure,sepalcure,NA,NA,NA
Bowski,bowski,NA,NA,NA
Public Lover,publiclover,NA,NA,NA
Julien Chaptal,julienchaptal,NA,NA,NA
Audiojack,audiojack,NA,NA,NA
Lee Brinx,leebrinx,NA,NA,NA
Oiram Gar,oiramgar,NA,NA,NA
Damian Schwartz,damianschwartz,NA,NA,NA
Alfie,alfie,NA,NA,NA
Jordi Mas,jordimas,NA,NA,NA
Andy Bone,andybone,NA,NA,NA
Adultnapper,adultnapper,NA,NA,NA
Lightbluemover,lightbluemover,NA,NA,NA
Black Light Smoke,blacklightsmoke,NA,NA,NA
Philipp Ort,philipport,NA,NA,NA
Fred V,fredv,NA,NA,NA
Ifan Dafydd,ifandafydd,NA,NA,NA
Solomun,solomun,NA,NA,NA
Andre Galluzzi,andregalluzzi,NA,NA,NA
Outart,outart,NA,NA,NA
Dowee,dowee,NA,NA,NA
